0 0 2 5 6 8 11 12 13 14 15 17 18 19 21 22 24 27 31 32 38 41 42 43 44 45 46 47 49 50 51 54 55 56 57 58 59 60 63 64 65 67 71 74 75 76 78 79 80 81 83 85 86 87 88 89 90 92 94 95 97 99 103 104 105 106 108 110 111 112 116 118 120 121 124 125 126 129 130 131 132 134 141 143 147 148 149 151 153 154 157 158 159 160 162 163 165 166 167 168 169 170 171 172 173 174 175 178 179 180 181 182 183 184 187 188 189 190 191 192 193 194 195 196 199 200 201 203 204 205 206 207 209 211 213 218 219 220 221 224 225 226 227 231 232 233 235 236 238 239 243 245 246 247 248 250 254 255 262 264 265 266 267
1 0 12 13 24 49 99 108 124 234 239 248 252 254 266 269 270 272 273 274 276 279 280 281 282 283 289 290 292 294 296 297 298 299 300 301 303 307 308 310
2 257 314 316 317 323 324 325 327 336 338 340 342 343 344
3 49 255 257 268 285 291 297 298 300 320 323 325 350 353 355 356 357 358
4 0 16 28 39 41 49 61 69 88 94 99 100 106 118 132 150 160 166 169 170 171 178 180 183 186 191 201 205 206 208 219 224 225 230 232 236 254 264 378 381 386 387 392 397 404 418 419 423 425 427 428 429 430 431 434 437 446
5 0 7 8 11 13 18 22 31 49 55 58 63 70 80 86 88 97 99 121 124 128 129 130 131 132 133 134 150 162 163 165 166 167 170 171 172 174 175 177 179 180 182 183 184 188 189 191 192 194 196 205 206 208 210 213 218 220 235 239 266 271 272 299 301 303 314 353 404 406 415 422 427 430 452 453 454 457 458 460 465 466 469 470 471 472 473 474 475 476 477 478 479 480 481 482 483 484 485 486 487 488 489 490 491 492 493 496 497 498 500 501 502 503 504 505 506 507 508 510 511 512 513 514 516 518 519 520 521 522 524 525 527 528
6 3 6 7 8 9 11 21 26 27 30 31 38 43 46 49 51 52 55 63 67 68 70 71 76 78 79 80 85 88 91 92 95 96 97 98 99 100 103 118 122 124 128 129 130 131 132 133 137 138 141 148 149 150 151 153 154 159 160 161 165 169 170 171 172 174 175 176 177 179 180 182 183 184 185 187 188 189 190 191 192 193 194 196 197 200 201 202 204 205 207 208 211 212 213 214 220 223 225 231 234 235 238 255 261 262 263 272 282 283 285 297 304 313 314 330 352 361 363 374 375 376 378 381 382 385 389 392 395 397 398 399 400 412 414 416 419 422 423 424 426 427 428 429 430 431 434 435 438 441 442 443 446 452 454 456 462 465 470 471 472 474 475 476 479 482 483 486 487 488 489 490 492 493 494 495 497 498 500 501 502 504 510 511 512 514 517 518 519 521 533 536 538 539 540 542 545 547 548 549 551 552 555 556 558 559 563 564 566 569 571 572 574 575 577 578 579 582 583 585 587 588 590 592 595 597 599 600 601 602 603 604 605 607 608 609 611 613 617 618 619 620 621 623 624 625 626 628 630 631 632 633 634 635 636 638 640 641 642 644 646 647 648 650 652 653 654 655 657 658 662 665 666 669
7 21 49 54 55 78 81 88 124 141 169 171 173 174 178 179 180 184 185 187 192 207 219 225 226 230 238 255 298 334 399 430 501 502 509 558 638 670 671 675
8 5 6 49 198 239 273 283 291 295 336 367 381 398 470 478 498 512 602 677
9 0 3 6 8 10 11 15 21 22 31 32 39 47 49 55 58 63 68 69 81 84 92 97 98 99 113 121 124 126 129 130 131 132 134 141 150 152 153 154 157 158 159 161 165 167 171 173 175 176 177 179 180 182 183 188 189 191 192 194 196 197 200 202 208 213 215 218 220 227 231 235 242 266 270 271 272 273 280 282 283 286 299 317 329 330 353 363 367 381 400 410 414 416 427 430 438 454 458 461 465 466 469 470 471 473 474 475 477 479 480 484 486 487 488 489 490 493 495 496 500 501 502 504 509 510 512 516 518 521 522 548 572 578 579 589 590 591 593 597 598 602 604 616 638 641 642 643 644 651 672 678 679 680 682 684 685 686 687 689 691 692 693 694 695 696 697 698
10 7 8 14 21 27 46 55 69 78 82 85 96 99 104 108 122 132 170 182 188 191 193 200 205 210 226 227 234 236 238 255 265 274 283 288 298 309 313 314 328 346 352 353 368 389 398 419 420 422 423 424 428 429 430 499 515 518 535 539 570 590 639 646 650 676 678 685 693 699 700 704 709 715 717 719 722 723 726 727 730 731 732 735 736 738
11 3 14 27 49 68 70 81 87 95 96 97 124 129 130 140 154 156 158 165 167 169 171 188 192 193 199 201 212 213 225 239 273 279 297 314 324 377 388 398 462 471 581 670 721 739 740
12 3 7 11 12 13 21 22 27 31 32 41 47 48 49 55 57 58 59 60 61 63 68 70 71 86 87 88 94 95 96 97 98 99 106 108 113 115 118 121 124 129 132 134 141 147 149 150 151 157 158 163 164 165 167 169 171 172 174 175 177 178 179 180 183 184 185 187 190 191 193 194 196 199 201 205 208 209 212 220 221 223 224 225 226 230 231 234 236 255 259 260 261 262 265 267 269 273 276 277 282 287 289 299 300 302 307 310 311 312 313 315 338 341 342 343 349 356 358 396 398 400 410 416 419 422 423 424 425 427 428 430 434 435 436 440 453 454 458 463 464 465 468 469 473 474 475 482 483 484 485 488 489 492 493 495 497 500 501 502 505 507 508 509 510 511 513 514 515 516 518 520 521 539 540 556 560 575 578 588 589 590 591 593 599 600 601 602 608 611 633 634 638 639 641 642 643 644 648 649 650 662 665 670 671 672 677 678 680 691 695 698 702 706 718 719 722 723 725 733 734 736 737 740 747 748 752 754 756 761 772 774 775 776 777 780 782 787 788 791 792 793 796 797 802 805 808 813 818 824 828 829 831 832 835 836 840 841 842 844 845 851 863 864 873 876 884 888 890
13 6 8 11 12 14 18 22 31 41 49 55 80 95 99 113 121 148 165 169 170 171 172 178 183 188 192 201 207 208 210 219 235 237 239 272 273 280 282 285 299 378 404 422 423 425 446 464 465 468 483 489 498 500 505 508 510 514 515 516 521 578 590 615 641 642 650 695 702 775 892 893 894 895 896
14 8 13 14 49 108 122 134 178 217 252 254 266 271 272 280 282 289 297 298 299 303 305 307 449 450 462 467 607 663 671 676 730 740 841 843 900 909 910
15 0 3 6 7 8 10 11 14 21 27 30 38 50 54 55 57 63 65 68 69 70 75 78 86 91 94 95 97 98 99 106 124 131 132 140 141 148 153 155 157 158 161 165 169 171 175 177 179 180 188 191 192 194 196 197 199 201 205 206 213 224 225 227 230 231 234 237 270 279 291 297 299 314 353 381 400 406 414 419 422 434 438 439 458 470 471 473 487 489 493 495 501 522 536 573 581 589 590 593 616 629 641 642 644 648 670 678 679 691 718 912 915 918 919 920
16 0 6 99 123 134 147 266 273 291 466 892
17 0 5 7 8 11 12 13 14 21 22 25 44 47 49 51 55 56 57 59 60 63 64 69 70 78 82 85 94 96 97 98 99 110 113 123 124 128 129 130 131 133 134 139 140 150 151 159 162 163 166 167 171 172 176 177 179 183 184 186 187 188 190 194 205 206 207 208 209 210 211 213 218 220 221 235 239 266 272 273 280 282 283 284 313 314 315 353 363 377 383 400 404 410 412 419 422 425 427 430 452 454 465 469 470 471 473 474 476 478 480 483 484 487 488 489 495 500 501 503 504 505 506 507 510 511 514 515 517 518 519 520 521 539 572 578 591 596 597 599 600 601 618 620 626 634 641 646 647 650 685 695 700 702 710 721 722 739 775 787 836 894 896 928 929 930 932 934 935 937 943
18 3 7 150 199 255 307 315 321 430 864
19 14 21 81 115 145 171 178 207 240 249 271 319 487 558 578 620 664 728 907
20 0 6 8 14 16 52 55 97 99 120 124 126 161 181 182 197 198 215 216 231 237 241 255 259 270 295 298 320 321 322 326 404 431 434 438 439 443 548 622 624 643 658 825 833 834 852 963
21 3 16 20 23 49 61 67 78 79 84 88 95 106 114 115 124 125 141 150 151 158 165 169 170 171 172 173 178 181 183 184 191 192 198 199 201 205 206 213 219 223 224 225 227 235 255 287 354 381 389 395 399 425 426 430 442 446 493 501 502 506 514 517 540 558 635 638 678 698 718 775 821 969
22 0 6 7 12 13 18 49 54 55 58 78 82 88 90 94 95 97 98 99 113 121 128 129 130 131 150 167 168 169 170 171 172 174 178 182 186 191 192 200 206 208 213 219 221 225 227 235 247 255 266 272 280 363 376 377 381 382 400 401 404 414 417 422 427 428 454 470 474 495 502 503 507 509 513 518 519 521 532 578 590 616 639 691 696 699 836 892 933
23 6 7 8 10 11 24 40 54 55 63 68 70 78 91 96 97 99 114 124 148 150 170 173 175 177 188 197 213 220 234 235 246 255 272 273 283 297 314 320 353 368 398 417 422 466 468 499 509 572 649 715 728 749 977
24 0 6 7 12 22 24 49 78 81 85 97 111 113 118 122 128 131 138 148 166 170 171 173 178 180 183 186 192 205 219 225 235 236 254 255 262 266 272 353 404 415 422 425 446 454 465 468 469 470 471 486 489 518 558 591 599 602 620 642 644 678 715 728 818 902 940
25 8 14 49 99 122 123 124 126 178 243 266 273 279 285 297 299 301 310 506 736 737 909
26 8 99 118 120 243 295 506 987
27 6 10 11 27 30 49 55 69 78 88 95 97 99 114 140 161 171 173 181 182 192 193 206 216 219 224 225 227 231 255 268 279 285 376 424 429 431 434 439 470 471 520 557 558 563 633 657 783 872
28 11 78 97 179 186 256 265 266 267 283 291 299 300 303 309 328 471 644 648 851 988 989
29 6 27 68 81 132 158 161 169 171 178 239 252 254 255 256 283 291 298 301 310 311 315 317 430 522 765 869 977
30 31 121 132 133 150 172 189 259 268 296 299 315 317 475 481 484 489 495 505 510 691 793 852 989 992
31 6 49 178 243 245 246 247 254 265 273 285 295 310 401 466 499 982
32 255 257 268 285 289 297 310 319 324 325 329 339 664 668 737
33 239 242 283 289 296 307 309 320 325 328 676 874 960 961 994
34 256 297 328 329 666 734 856
35 285 304 307 329 335 354 734 855 859 860 862 996
36 6 10 21 23 26 49 55 61 67 78 88 91 95 114 124 158 171 173 180 192 207 223 227 230 262 285 381 399 401 540 556 586 814 921
37 0 21 27 34 66 68 69 70 77 81 83 87 93 94 96 98 109 115 137 141 150 152 158 159 197 213 222 231 244 249 285 291 310 322 324 380 385 388 389 398 400 401 405 414 415 416 419 428 438 442 456 492 578 614 660 664 665 667 706 728 754 765 889 984 986 998 1000 1001 1002 1003 1005 1006 1007
38 255 266 267 291 299 310 311 315 329 343 348 734 910
39 239 265 291 300 302 317 329 333 341 873
40 0 27 49 55 68 95 97 99 132 149 150 153 165 167 170 171 172 177 178 185 188 192 202 206 235 283 314 353 410 465 477 505 507 737 941
41 0 1 11 14 27 47 49 53 57 62 63 65 68 70 72 76 78 81 82 86 87 94 95 97 98 101 115 118 122 129 132 133 139 140 148 158 169 170 171 178 180 182 191 192 193 199 200 201 207 208 212 213 219 224 225 226 227 231 234 236 271 277 279 291 314 353 365 367 376 381 398 400 401 407 414 415 419 422 459 460 462 470 487 492 514 556 558 578 581 590 670 671 678 706 718 721 722 728 741 742 766 769 843 898 907 912 914 941 969 998 1011 1014 1017 1021
42 0 3 4 6 7 8 10 11 14 24 25 27 48 49 51 55 63 65 68 69 70 72 78 81 85 87 94 96 97 99 101 108 111 114 115 117 118 121 124 130 134 137 140 141 148 150 152 158 165 166 169 170 171 178 186 188 193 199 200 201 205 207 208 212 213 219 228 234 238 245 249 254 255 266 269 271 272 273 281 282 283 286 287 291 295 297 298 299 309 310 311 314 324 332 350 363 367 378 381 389 398 399 401 404 414 419 470 473 477 482 487 489 492 507 522 536 543 558 578 581 612 635 647 670 678 685 691 710 715 717 718 721 728 733 763 797 826 828 843 856 919 938 941 1005
43 0 4 6 8 14 21 30 49 54 63 68 80 81 86 88 94 95 98 99 117 118 120 129 130 132 140 141 144 145 148 150 154 158 160 161 165 169 170 171 172 173 178 182 187 188 191 192 193 194 195 197 199 201 205 206 208 211 219 224 225 235 237 242 246 247 254 255 257 271 291 304 310 313 314 324 353 376 415 419 424 427 428 429 434 438 440 465 471 487 511 514 521 578 581 590 623 647 1028
44 0 12 14 24 49 99 105 106 108 115 118 124 178 222 234 254 273 279 281 728 748 750 805 826 925 963
45 6 49 92 99 124 148 178 259 283 302 310 323 324 328 329 676 734 884 994 1032
46 255 259 265 266 286 289 298 299 300 302 303 304 317 336
47 49 97 129 133 167 169 171 178 180 182 184 188 191 192 199 206 212 256 303 305 353 419 422 423 470 471 474 487 502 514 518 519 520 590 596 634 641 643 648 676 1034
48 6 11 41 46 52 54 55 56 90 92 97 98 99 113 148 151 165 168 172 176 182 205 206 235 253 259 284 286 299 316 320 330 342 368 382 392 415 416 423 427 428 466 505 537 573 578 615 639 644 727 772 892 991 1043 1046 1049
49 8 250 265 285 315 320 466 499 535 537 978 980 1051
50 49 63 129 133 141 169 170 178 200 207 487
51 6 12 14 18 21 24 92 94 99 104 108 113 114 118 123 148 201 234 255 272 274 279 282 284 299 314 329 401 422 454 462 464 466 489 518 522 578 644 727 728 734 797 826 892 979 981 1052 1053
52 14 24 49 63 95 99 115 118 148 153 171 178 196 254 255 278 536 558 615
53 0 6 24 49 99 114 115 118 124 144 178 234 237 242 247 254 255 257 265 269 270 273 285 299 304 310 323 324 329 336 342 401 407 462 466 663 727 728 734 848 986
54 21 49 55 88 115 141 171 178 270
55 0 6 10 21 24 27 30 41 43 49 55 61 63 68 69 70 72 78 81 86 88 90 93 94 95 97 111 114 115 118 141 148 150 158 161 166 169 170 171 173 178 180 181 186 188 190 191 192 197 198 199 201 207 212 213 216 219 223 227 229 231 234 235 236 255 262 277 291 295 297 369 381 388 389 395 398 399 401 404 417 419 421 427 428 433 434 438 440 474 514 540 544 549 558 578 585 623 642 664 678 718 732 733 734 755 763 766 780 797 919 998 1005 1017
56 0 6 7 14 27 41 49 63 78 99 106 108 114 118 170 178 191 201 219 234 242 245 246 254 255 278 279 285 291 292 301 314 317 401 405 407 462 468 487 536 578 703 730 734 749 814 826 958 986 1017
57 0 6 7 8 10 11 24 31 41 44 49 55 60 63 69 97 99 106 108 113 120 121 124 131 132 134 141 147 150 153 165 166 168 169 170 171 172 173 179 192 196 200 201 206 207 210 219 220 225 234 235 237 243 245 246 252 254 265 266 269 272 281 297 307 308 310 336 363 377 404 420 428 453 465 466 474 481 482 502 505 548 558 574 590 627 632 638 639 641 642 670 695 716 759 795 831 896 928 932 982 989 1040 1051 1062 1063 1066 1068 1071
58 2 3 6 8 9 10 11 12 13 14 17 21 22 23 24 27 29 31 38 41 43 44 46 47 49 50 51 52 53 54 55 57 58 59 60 63 64 68 72 76 78 80 81 82 86 88 90 91 95 96 97 98 99 100 103 106 108 113 115 118 123 124 126 128 129 131 132 134 138 144 146 148 165 166 167 169 170 171 172 173 174 176 177 178 179 180 181 182 183 184 185 187 188 190 192 193 194 195 196 197 198 199 200 201 205 206 207 208 209 212 213 215 216 223 225 227 231 235 238 262 273 274 282 284 285 310 314 317 353 363 367 377 378 381 398 399 417 419 420 422 423 424 425 426 427 428 429 430 431 434 438 439 442 449 453 457 465 470 471 474 475 480 481 482 483 487 489 494 495 496 497 498 499 501 502 504 505 506 507 508 510 512 514 517 518 519 520 539 540 549 552 556 557 558 559 560 571 572 573 574 581 590 593 595 597 602 603 605 607 609 627 629 631 634 636 637 638 641 642 644 645 647 650 651 657 659 660 662 665 685 688 691 694 695 699 701 710 715 721 722 725 727 732 733 741 748 750 756 766 772 775 805 807 826 827 835 876 892 901 926 931 935 944 947 975 979 991 1018 1035 1044 1059 1066 1072 1075 1076 1078 1079 1082 1084
59 6 8 11 12 14 22 27 29 46 49 55 58 59 60 63 68 69 72 76 78 87 88 94 95 97 118 128 129 130 131 132 133 141 148 149 157 158 159 160 163 165 169 170 171 172 173 175 176 177 178 180 182 183 191 192 194 196 197 201 202 205 206 207 208 209 212 213 215 219 224 225 226 227 231 234 262 272 283 323 353 362 374 381 389 401 412 413 416 419 422 424 425 428 429 430 434 436 465 470 471 473 474 475 476 480 481 482 483 484 485 487 489 493 496 497 498 499 501 502 504 505 506 508 510 514 515 516 519 520 536 548 572 582 583 588 589 590 591 593 595 600 602 604 620 624 625 628 637 641 643 646 647 648 652 658 660 662 670 685 691 694 715 721 722 731 741 782 792 816 823 990 991 1030 1087 1088 1089 1090 1091
60 255 297 301 307 324 1092
61 3 6 7 8 11 12 13 19 21 23 46 49 54 55 58 63 64 68 70 75 80 81 82 88 90 95 97 99 111 114 118 122 124 129 131 132 148 150 159 161 165 168 169 170 171 173 176 177 178 179 180 187 188 192 193 196 206 207 210 213 219 232 235 247 255 270 272 273 280 282 295 303 314 353 376 399 417 428 454 455 464 465 466 474 489 499 500 502 503 512 518 519 536 572 638 639 647 651 683 685 698 702 836 852 922 928 931 979 986 1043 1044 1094 1098
62 9 12 13 24 49 99 106 113 134 147 221 247 248 252 259 273 274 280 283 298 329 401 404 466 499 734 795 977 979 1102
63 0 6 7 8 9 10 11 21 27 30 47 49 55 63 68 69 71 78 80 86 90 94 95 97 99 108 124 129 132 138 140 151 153 154 157 165 169 170 171 172 173 176 178 179 180 181 182 183 184 185 187 188 191 192 193 196 199 200 206 208 212 213 219 225 226 227 231 232 234 235 262 266 272 281 285 307 310 314 336 363 377 381 385 399 419 420 424 426 429 430 431 438 454 466 487 494 502 506 507 511 518 558 572 578 581 620 623 642 649 670 691 704 718 722 732 763 892 931 1098 1106
64 8 14 24 27 47 49 63 72 76 86 87 96 97 108 118 122 132 165 175 188 191 193 194 199 207 208 212 213 234 236 291 314 324 352 374 388 389 398 419 422 424 430 462 502 505 517 522 638 642 647 648 663 721 722 763 788 929 1094 1107
65 8 49 124 178 234 245 255 277 278 285 291 295 297 462 499 526 727 728 749
66 6 23 24 63 102 118 120 122 148 237 270 273 401 463 729 814 1059 1061
67 8 24 49 114 124 178 234 255 272 273 283 285 466 998
68 6 8 41 47 49 55 78 97 99 114 120 121 147 148 169 171 178 179 194 231 233 243 253 255 262 265 285 286 295 299 317 499 863 987 1099 1107 1108 1109
69 0 7 23 27 47 49 68 78 81 82 87 88 94 95 98 125 129 132 140 149 165 166 169 170 171 173 178 180 182 183 186 190 194 199 205 207 214 219 225 227 254 261 262 295 297 310 339 389 395 399 400 415 419 442 473 474 487 492 498 502 518 578 642 737 1035
70 13 51 55 63 64 88 97 99 132 150 165 172 254 273 283 342 353 424 453 466 505 730 896
71 0 4 8 11 14 22 24 27 44 47 50 55 57 63 68 69 76 78 86 95 96 97 99 103 114 121 124 126 131 132 144 158 171 174 177 179 184 185 188 191 192 193 194 201 207 209 212 223 230 231 238 262 314 352 353 378 398 419 422 430 457 462 467 470 471 475 484 495 500 506 509 511 512 516 517 518 519 521 540 543 556 558 571 572 581 590 615 629 631 636 641 642 670 671 694 756 825 843 944 1021 1111 1112
72 6 11 31 55 58 63 80 88 99 124 126 132 151 153 168 170 172 176 177 180 184 185 193 194 210 266 269 283 314 353 378 428 465 466 470 471 505 509 644 647 1043 1113
73 6 8 12 14 99 118 234 255 269 273 291 299 304 310 311 322 324 327 329 336 676
74 0 12 24 55 78 99 105 108 111 114 118 134 148 187 219 232 268 270 287 298 401 404 406 407 422 451 463 466 468 487 499 671 682 841 925 987 998 1018 1114
75 5 6 22 55 58 59 60 63 69 88 91 92 95 97 99 132 134 147 169 172 179 189 194 197 200 213 273 283 290 320 465 504 505 508 522 788 793 832 977 1094 1117 1120
76 0 22 27 41 49 55 88 97 131 150 151 153 165 170 171 172 173 176 180 192 196 198 206 219 235 243 265 426 465 474 475 489 509 510 514 518 628
77 92 252 254 285 286 298 407 408 857 1122
78 0 5 9 18 49 99 113 121 134 219 233 243 248 255 259 265 266 272 280 282 283 300 303 308 315 321 336 506 572 676 726 749 795 876 882 978 992
79 44 57 63 78 85 86 99 202 205 212 300 457 474 522 863 864
80 0 6 24 41 78 97 118 144 166 183 207 234 270 272 273 277 279 280 314 406 466 581 584 712 901
81 0 7 8 10 13 49 63 68 69 70 72 96 98 99 108 118 130 131 165 166 167 171 172 175 178 188 191 194 196 199 208 209 213 262 273 281 283 291 314 353 363 410 414 425 427 430 446 453 470 471 472 473 474 475 487 495 504 505 509 510 514 520 572 578 590 644 647 648 756 1066 1091
82 0 1 14 21 27 30 37 42 62 63 65 68 69 76 78 81 87 93 94 96 103 107 114 118 122 124 158 171 178 183 188 193 201 207 212 213 230 231 249 252 262 271 278 319 334 352 381 389 401 405 419 456 459 470 518 536 556 558 565 566 570 574 581 596 610 647 650 670 671 678 703 706 708 714 718 725 741 742 754 766 768 839 841 905 986 998 1005 1011
83 6 11 14 30 63 69 78 86 94 97 99 108 114 118 145 148 191 219 222 234 242 255 262 270 271 273 279 283 286 297 314 404 457 468 477 514 519 520 534 581 730 734 797 843 856 1003
84 7 8 9 13 22 26 27 49 55 56 57 63 68 69 70 82 85 86 88 94 97 98 121 124 129 130 131 132 133 140 149 151 158 165 167 169 171 172 176 177 178 184 187 188 189 191 193 194 196 200 201 202 205 206 208 210 212 231 243 255 265 269 283 295 298 310 314 315 341 353 368 374 376 378 389 410 415 416 419 420 423 427 430 434 440 442 453 455 456 465 469 470 471 472 473 474 476 479 483 487 489 490 493 495 497 498 500 501 502 504 505 506 507 508 510 514 517 518 519 522 572 591 593 618 628 629 634 641 644 646 647 648 650 651 691 693 694 695 701 775 795 896 928 988 1009 1040 1063 1066 1096 1102 1116 1125 1128 1131 1132
85 239 255 256 266 267 323 865 866 1134 1135
86 1 3 6 7 8 21 24 26 37 47 48 49 54 55 61 62 63 65 66 69 78 79 81 86 87 88 93 95 96 99 108 115 118 124 129 131 132 141 149 150 151 158 160 164 169 171 174 176 177 178 179 180 183 185 191 192 193 196 199 201 205 206 207 208 213 219 225 226 227 230 236 251 271 278 314 363 380 381 389 401 406 407 422 430 442 463 482 487 493 501 505 506 510 514 526 540 544 556 558 567 575 615 616 635 638 644 670 678 691 708 714 718 765 766 768 773 779 785 826 830 843 848 899 917 986 998 1011 1143 1148
87 258 283 298 305 308 311 350 676 858 863 874 880 1149
88 0 6 13 14 24 48 49 82 85 87 99 104 108 114 118 124 147 148 170 178 194 210 213 219 232 233 234 237 243 254 265 266 272 274 280 298 317 377 383 398 466 508 680 688 693 710 718 795 797 857 909 1044
89 5 7 8 9 10 11 13 16 19 21 22 24 25 29 30 32 41 51 55 56 58 59 63 64 69 78 82 85 88 95 96 97 99 124 128 129 130 131 132 133 134 138 140 150 151 152 153 159 163 167 171 174 175 176 177 182 184 187 188 189 190 191 193 194 195 196 200 206 208 209 210 213 215 217 218 220 231 234 238 239 265 266 267 269 272 273 282 283 284 298 299 300 303 304 308 309 310 312 313 314 318 336 343 352 353 363 378 383 398 417 419 420 422 430 434 438 453 455 462 465 469 470 471 472 473 474 476 477 479 480 481 482 484 485 487 488 489 490 491 492 496 497 498 500 502 503 506 507 510 512 514 517 518 519 520 522 558 589 590 591 593 594 596 597 598 600 601 604 605 618 619 626 631 634 635 637 638 639 641 643 644 646 647 648 649 676 678 685 691 693 694 695 699 716 718 725 736 739 793 795 817 818 828 835 840 876 879 881 896 915 918 927 930 936 937 938 943 944 965 990 1009 1018 1053 1062 1066 1090 1150 1151 1152 1153 1154 1155 1156 1157 1158 1159 1160 1161 1162
90 21 27 30 49 63 68 78 81 96 97 124 131 132 133 140 169 171 173 178 179 180 184 189 192 201 202 207 231 261 262 286 297 310 314 318 323 324 327 329 334 339 347 353 419 422 424 430 470 471 474 475 486 498 502 506 511 517 518 520 588 590 599 601 603 638 644 649 675 721 736 1150
91 0 3 4 6 7 8 10 11 12 30 41 45 46 47 49 50 55 57 63 64 68 70 78 88 91 92 95 97 99 114 118 121 122 126 131 132 141 150 151 153 154 156 157 161 165 166 168 169 171 172 173 176 177 178 179 180 183 186 187 188 190 192 193 195 200 201 205 206 207 209 211 212 215 216 219 220 225 231 234 235 236 242 243 245 247 249 255 262 265 270 271 273 279 288 301 310 378 381 399 404 407 417 420 423 426 428 431 454 457 462 465 466 491 499 506 509 512 519 522 556 571 572 581 606 615 618 627 638 642 647 650 660 661 665 678 693 694 701 713 715 717 723 733 763 772 805 807 835 920 928 933 935 963 982 988 1043 1107 1152 1166 1173
92 0 13 14 219 272 280 467 468 797 826
93 0 3 6 7 8 10 11 21 22 23 27 30 31 41 44 46 48 49 51 52 53 54 55 57 60 63 67 69 70 75 78 80 81 82 85 90 91 92 96 97 99 106 108 124 129 130 131 132 140 148 150 151 153 154 157 165 167 169 170 171 172 173 174 176 177 178 179 180 182 183 184 185 187 188 189 190 191 193 197 198 200 201 203 205 206 207 208 211 212 214 216 220 225 231 232 235 238 243 245 247 254 255 262 265 270 271 283 290 299 310 313 314 334 339 342 343 352 353 363 368 377 382 386 395 397 398 400 406 416 417 419 420 423 426 427 428 430 431 434 438 439 442 449 455 456 458 460 461 462 465 466 474 475 492 495 497 499 500 501 509 516 518 519 528 539 549 571 574 577 578 579 590 603 612 616 618 623 629 631 633 634 637 638 639 641 642 644 665 670 671 672 678 679 682 701 713 721 722 723 727 730 732 736 772 775 788 795 806 894 896 912 915 922 931 933 941 963 967 977 979 980 981 982 984 1014 1015 1018 1028 1035 1043 1075 1083 1084 1100 1111 1116 1169 1175 1176 1180 1183
94 0 6 7 13 14 21 27 30 47 49 50 51 61 63 64 67 68 69 70 72 76 78 82 87 90 93 95 96 97 98 101 108 114 118 124 136 138 139 140 141 148 150 165 167 169 170 171 172 175 178 180 183 187 188 191 192 193 194 195 196 199 201 204 205 206 207 212 213 216 223 225 229 230 235 247 254 271 279 283 324 352 353 362 374 377 381 385 389 395 400 412 415 416 419 428 431 453 454 462 463 464 465 476 482 486 487 498 500 501 502 506 509 511 514 518 523 530 540 558 581 609 612 614 618 636 637 638 642 644 647 669 678 691 722 728 733 824 940 1081 1091 1164 1178
95 0 6 7 22 49 55 63 78 86 88 90 95 97 99 124 141 150 153 167 171 173 178 179 180 182 184 187 192 193 195 197 213 231 235 262 314 419 436 465 470 474 475 505 510 632 660 1117
96 0 6 22 27 31 49 68 78 81 88 95 96 97 112 129 132 150 165 166 169 171 172 180 186 188 190 192 199 201 205 219 225 353 404 419 423 424 425 427 430 473 590 642 648 650 657 892
97 46 113 191 207 208 423 430 505 508 514 616 646
98 0 3 6 10 11 21 49 55 63 68 78 91 97 99 114 122 144 165 169 170 171 178 179 193 200 201 207 229 234 235 237 255 270 285 287 291 297 310 311 324 325 334 342 344 359 363 365 398 399 401 406 462 464 466 499 535 536 581 584 586 606 615 638 663 728 734 737 749 765 772 811 986 1017 1018 1037 1084 1097
99 255 266 291 297 299 310 311 312 324 340 343 351 676 677 736 737 738 856 874 876 1191
100 23 49 114 118 122 144 178 234 252 254 281 285 401 536 728 897
101 49 88 94 97 100 171 172 180 183 192 201 205 224 225 255 304 315 438 440 501 578 599
102 23 49 55 114 123 124 141 178 247 252 291 298 462 478 518
103 14 99 123 147 178 254 266 267 269 273 280 282 286 287 299 310 312 341 466 581 615 736 737 982 1080
104 255 265 266 267 269 283 285 299 310 320
105 0 7 8 11 13 21 24 27 58 63 68 76 96 104 159 162 188 191 193 207 208 210 213 220 241 272 282 283 314 486 517 556 572 574 647 670 685 689 763 896 1080 1197
106 255 265 266 299 302 336 878
107 0 6 9 13 49 99 121 124 134 272 278 291 315 506 704
108 0 6 10 11 14 16 21 24 30 49 52 55 57 66 68 69 70 71 76 78 81 87 88 90 93 94 95 97 99 108 114 118 122 141 144 148 153 154 156 161 169 170 171 173 174 176 178 180 188 192 193 199 201 207 208 215 219 220 223 224 225 226 227 230 231 234 236 249 254 255 262 285 291 292 314 352 361 369 376 381 384 389 398 399 401 407 419 440 442 499 511 522 540 556 558 578 614 623 652 721 725 728 741 791 826 843 982 984 986 998 1030 1044 1100 1179
109 10 11 21 27 32 40 53 63 68 76 78 81 87 95 158 185 193 230 255 269 285 304 310 311 322 329 398 417 419 442 556 559 638 668 670 678 725 773 912 1146
110 239 255 266 298 299 301 308 310 311 324 329 336 350
111 242 269 283 286 297 299 300 303 304 307 309 310 311 312 318 324 327 328 329 342 675 676 736 737 740 856 864 865 910 1071
112 49 99 123 124 243 252 254 255 265 270 283 291 296 300 319 321 322 323 324 329 499 584 851 948 951 1203 1204
113 88 97 99 132 153 168 169 172 173 176 180 192 194 266 353 465 473 474 487 633 646 1069
114 3 6 7 8 10 11 12 22 31 32 47 49 55 78 81 88 91 99 114 121 124 134 169 171 173 174 178 180 182 184 189 225 231 237 270 279 299 313 353 426 434 453 457 466 470 499 502 521 548 615 629 641 682 748 758 828 925 952 978 1037 1043
115 10 55 124 177 178 184 188 190 192 196 200 218 243 247 255 256 265 268 282 286 289 307 310 342 386 470 475 502 506 510 585 642 648 716 736 788 876 1009 1099 1107
116 0 10 11 14 24 32 49 55 95 97 106 114 118 129 141 147 148 153 161 165 169 170 171 173 176 178 192 207 211 219 234 246 254 255 262 265 268 279 304 310 354 401 417 419 466 586 615 664 728 737 749 758 772 863 982 986
117 6 21 22 31 52 54 55 78 97 99 129 131 132 153 161 168 169 171 172 173 176 177 181 182 185 190 197 198 207 215 220 231 255 285 313 316 320 392 409 417 422 428 431 465 466 499 502 504 519 537 541 548 549 590 628 641 642 659 662 760 783 825 833 892 932
118 6 8 10 21 23 24 27 30 39 49 53 55 63 82 85 86 88 92 95 99 106 108 114 118 121 122 129 134 141 144 151 165 169 171 178 179 185 190 191 193 196 201 206 207 210 219 232 234 242 254 256 265 268 269 271 272 274 279 283 284 285 295 296 297 298 307 310 311 312 318 319 324 328 336 350 378 381 388 401 408 440 442 446 449 450 462 463 466 477 483 497 502 528 536 540 552 558 581 586 615 642 645 670 671 675 683 696 702 704 713 727 728 748 795 808 811 826 856 897 953 965 986 1022 1053 1066 1102 1116 1122 1125 1155 1160 1208 1209
119 0 8 14 24 49 118 122 124 255 279 283 506 728 730 897
120 0 8 11 13 24 49 56 82 85 97 99 121 124 132 134 153 162 169 178 189 194 234 254 272 289 291 310 311 314 353 422 423 470 499 500 506 618 631 722 728 910 1152 1214
121 27 45 69 82 85 124 132 172 177 184 187 188 190 194 209 212 236 266 374 383 399 419 455 460 500 501 502 504 510 572 648 685 694 701 710 713 722 723 929 1015 1044 1078 1127 1215
122 8 13 21 22 97 99 124 131 132 140 162 179 182 184 189 194 239 272 282 283 315 317 427 430 453 470 473 474 476 495 502 505 644 693 828
123 6 10 95 97 141 151 163 165 223 540 603
124 0 7 21 27 49 63 65 66 68 71 72 78 79 81 82 86 87 89 93 94 97 113 131 133 140 141 160 165 169 170 171 173 178 187 188 191 192 199 201 202 206 207 219 236 255 267 272 280 286 287 291 297 314 363 389 397 422 425 429 430 442 446 469 470 474 476 484 487 489 502 504 511 558 575 635 646 691 696 718 737 742 773 918 969 1030
125 240 255 259 263 285 297 299 308 310 311 312 324 333 336 340 349 667 737 855 861 960 1134
126 49 219 224 225 226 227 240 255 268 285 291 297 339 376 440 441 734 877
127 0 13 14 25 27 47 49 63 64 68 70 78 81 82 85 97 98 114 115 118 128 130 133 137 140 156 158 165 170 177 178 179 183 187 188 193 194 201 206 207 213 220 234 235 262 271 272 273 280 291 297 313 315 336 363 374 376 389 401 413 414 418 419 420 422 428 442 449 453 456 462 469 473 474 478 481 485 487 490 496 497 498 499 522 558 578 581 589 590 596 609 620 638 670 672 678 701 718 722 725 749 773 819 915 922 928 938 1009 1106
128 239 266 269 283 299 1135
129 0 1 2 4 6 10 11 16 21 23 26 27 30 32 37 38 41 43 48 49 53 54 55 61 62 63 64 65 66 67 68 70 76 78 81 83 88 89 92 93 94 95 97 98 102 108 114 115 118 120 122 125 129 131 140 141 144 145 147 155 156 158 169 171 173 176 178 180 181 182 185 192 193 197 199 200 201 207 212 213 215 216 219 223 225 226 230 231 232 233 234 236 237 243 246 249 252 254 255 258 264 265 266 267 268 269 273 278 279 283 285 286 288 290 291 295 297 302 304 310 311 312 317 318 322 324 325 326 328 329 339 342 343 346 350 351 352 353 354 362 363 369 370 375 381 388 389 399 400 401 406 407 408 414 415 416 419 421 422 434 435 440 443 446 456 460 463 468 487 492 499 518 522 523 525 529 536 540 542 544 545 554 556 558 568 578 579 585 586 606 612 614 629 645 659 664 668 670 678 715 725 728 732 734 737 738 742 749 751 758 764 777 783 785 790 798 802 809 814 853 858 867 871 872 901 902 907 912 917 919 931 946 947 963 983 986 989 998 1009 1016 1017 1028 1101 1107 1166 1174 1177 1187 1199 1215 1220 1221 1222 1223 1224 1225
130 0 8 13 18 99 121 123 124 239 248 266 273 282 283 284 294 299 310 730 736 826 1226
131 11 55 99 121 124 134 151 248 282 475 512 514 895
132 255 266 268 269 303 305 311 735 736
133 14 255 291 310 312 319 322 324 334 530 664 734 737 856
134 11 22 54 55 97 170 173 180 182 200 225 231 255 291 317 321 323 434 461 466 495 571 590 629 640 730 912
135 8 13 14 18 55 88 99 113 114 121 124 134 201 220 234 255 266 272 273 280 283 295 300 314 466 506 634 730 733 828 1107
136 14 49 54 78 88 95 114 115 118 141 169 171 178 180 192 207 219 232 234 240 246 247 254 263 297 323 381 401 407 463 536 586 666 671 673 734 998
137 0 11 12 14 25 44 55 97 99 108 114 118 130 134 144 148 179 182 184 191 206 208 219 235 282 314 353 430 465 474 475 484 487 488 500 504 505 508 509 510 514 590 601 604 649 728
138 99 147 243 265 283 285 293 294 300 304 449 466 499 663 730 1135 1189
139 265 283 286 299 300 301 315 317
140 6 14 24 49 99 103 114 115 117 118 122 123 144 178 219 234 241 247 249 252 255 271 278 279 281 283 288 291 292 295 310 318 319 324 329 405 406 462 463 526 536 581 586 606 663 664 682 703 728 730 797 807 843 899 903 946 955 956 993 998 1017 1207
141 6 27 81 90 121 131 166 173 178 183 186 265 329 342 346 404 420 505 872
142 268 269 285 304 310 311 318 322 324 327 329 343
143 0 3 7 8 11 13 14 18 19 21 23 31 32 47 49 54 55 58 63 64 65 68 69 71 86 95 97 99 113 114 121 122 123 124 126 132 134 141 150 162 167 169 170 171 173 177 178 180 184 187 188 190 191 192 193 194 195 209 210 212 213 220 231 234 239 245 248 254 255 270 279 282 283 290 291 294 300 301 310 312 314 322 353 389 401 407 419 430 452 462 465 469 491 499 505 512 514 515 518 519 522 524 578 586 619 634 638 641 642 685 695 699 715 728 733 736 737 763 769 826 828 835 857 876 915 929 934 935 982 1009 1035 1066 1103 1107 1111 1128 1155 1183 1231
144 6 10 11 12 21 22 30 38 41 43 49 53 55 63 65 68 78 87 88 95 96 97 99 103 106 114 120 131 132 147 153 156 161 169 170 171 173 178 179 180 182 192 197 199 200 206 213 216 219 224 225 227 231 232 234 235 237 239 243 246 247 254 255 257 262 265 266 267 268 270 275 278 279 281 290 291 296 298 299 307 310 311 312 323 324 325 338 339 342 344 348 352 354 359 389 406 408 426 431 438 439 461 462 501 506 535 539 542 556 559 562 581 586 590 618 622 623 637 639 652 660 661 670 671 674 676 699 718 728 736 737 738 747 749 772 798 807 846 856 898 912 922 971 981 982 995 998 1011 1016 1043 1166 1200 1219 1232
145 242 255 259 266 269 299 308 310 311 315 327 336 341 342 992 1235 1236
146 255 266 283 289 299 301 302 310 315 335 336 341 676 736 874 880
147 0 6 7 49 55 68 69 70 88 111 113 129 130 132 148 160 161 165 166 169 170 171 172 178 186 191 206 211 219 224 225 235 353 404 427 464 465 486 492 498 500 520 578 585 650 941 982 1113
148 265 266 283 299 300 302 310 341 342 873
149 0 12 13 49 92 120 124 126 144 148 178 218 232 243 265 270 273 285 288 290 315 320 449 466 615
150 0 3 6 8 9 11 13 14 24 27 32 43 49 50 51 55 57 63 64 65 68 69 72 78 80 82 85 86 87 88 92 96 97 108 111 118 121 122 128 129 130 131 132 133 134 140 148 151 157 159 160 161 165 166 167 168 169 170 171 172 175 178 182 183 186 187 190 191 193 194 195 199 201 205 206 207 208 210 213 219 220 221 224 225 231 235 255 262 271 272 274 283 284 297 298 313 314 317 353 367 368 374 376 377 378 383 404 407 410 416 419 420 422 423 424 425 427 430 434 442 452 453 454 455 457 464 465 469 471 473 474 475 476 477 478 479 480 481 482 485 487 488 489 490 495 496 497 498 500 503 505 507 513 514 516 519 520 539 572 589 590 592 593 596 597 598 601 615 616 619 620 625 639 641 642 644 646 647 648 649 650 651 685 689 691 693 695 710 715 718 721 722 756 767 775 787 795 816 817 818 826 828 892 895 912 918 926 929 937 941 943 944 1009 1020 1040 1066 1074 1078 1155 1161 1212 1217 1231 1240 1241
151 7 14 21 32 48 50 65 66 68 70 79 87 96 108 114 118 122 129 130 140 148 150 152 154 158 159 164 170 188 201 212 217 231 234 238 252 271 272 275 277 280 281 283 291 310 360 367 389 398 406 407 419 442 474 478 495 518 539 558 619 647 671 678 685 702 706 710 725 726 749 761 765 766 768 769 773 777 843 917 938 998 1005 1011 1023 1101 1242 1243
152 55 63 78 179 262 353 558
153 49 60 88 132 149 169 171 172 179 182 188 194 197 208 235 283 299 353 410 465 466 470 471 473 475 479 506 514 518 627 628 638 694 788 892
154 283 317
155 8 47 57 85 99 134 154 175 177 184 189 194 208 313 314 353 471 519 628 633 638 648
156 0 49 99 114 124 134 144 147 232 241 265 266 270 271 273 280 283 286 287 290 295 310 336 406 499 506 986 1021 1207 1244
157 0 3 6 7 9 10 19 21 23 37 38 49 54 55 61 69 78 81 82 84 88 91 95 99 108 113 115 118 121 124 126 134 141 145 151 160 165 169 170 171 172 173 174 179 184 185 187 191 192 199 201 205 206 207 214 225 235 238 241 247 268 272 274 280 281 282 283 290 299 321 363 399 404 410 425 426 430 446 462 474 493 502 507 509 516 521 552 558 566 570 583 623 635 638 639 646 672 680 695 728 730 731 756 781 792 807 956 981 1017 1037 1063
158 6 14 23 24 95 108 114 115 122 123 124 217 222 240 242 246 255 269 270 273 288 290 291 295 307 318 319 329 401 442 462 467 536 581 584 586 664 671 742 811 843 848 891 903 982 983 984 998 1019 1061 1097 1115 1148 1178
159 0 3 10 12 22 23 31 49 54 55 58 60 78 92 99 114 120 121 124 126 132 134 147 148 154 157 165 166 171 172 179 182 184 189 192 198 199 206 208 210 215 231 237 245 247 270 273 279 282 285 290 404 406 425 438 446 449 452 453 454 465 466 474 475 479 488 499 505 522 535 590 591 658 679 749 756 895 925 928 982 986 989 1043 1099 1107 1155 1180
160 13 97 99 183 199 269 273 311 312
161 0 10 24 27 49 78 114 118 144 171 178 219 234 295 499 535 586 615 728 916 981 982 989 1017
162 55 63 96 255 269 312 314 343 353
163 8 99 114 115 118 122 145 178 219 242 245 249 255 278 279 288 290 296 297 304 310 318 319 324 325 327 329 366 401 449 462 463 506 586 606 664 671 675 676 728 734 737 805 807 808 843 903 955 995
164 14 90 124 166 171 173 178 199 213 219 220 255 267 314 321 322 328 368 415 638
165 255 297 310 318 319 324 339 343 737 955
166 7 82 85 95 98 130 133 134 201 213 219 234 235 238 314 377 430 456 469 477 484 503 504 512 590 593 602 628 642 646 660 684 721 1090 1091 1111 1158 1246 1248
167 0 14 24 99 114 115 118 122 123 148 178 219 254 255 270 271 277 279 288 291 292 297 310 401 405 585 728 730 801 826 843 982 986 1021 1155
168 49 124 130 131 169 171 178 196 208 210 231 255 297 298 327 471 529 590 591 593 670 691 856
169 242 289 297 301 318 322 329 664 955
170 255 259 265 266 267 289 299 300 307 310 311 323 342 864
171 121 174 180 217 423 454 570 629
172 239 242 255 257 259 265 266 283 286 291 296 297 298 299 300 302 303 315 317 318 319 320 322 323 324 325 327 328 330 676 851 856 857 910 955 965
173 8 10 11 13 14 27 30 39 48 49 55 62 64 65 68 69 86 87 97 99 104 108 114 121 122 123 137 140 144 152 157 159 175 193 194 199 201 207 212 213 218 234 236 241 243 245 252 265 266 269 273 275 277 281 283 290 309 311 328 329 336 343 367 377 389 398 413 428 442 449 462 467 543 572 635 642 647 649 682 685 694 695 702 708 709 710 725 728 733 748 750 766 805 826 827 907 910 922 926 998 1005 1011 1023 1044 1053 1178 1210 1227 1250 1251
174 8 10 11 30 49 63 70 97 108 124 130 133 169 180 183 184 190 212 231 415 474 487 648
175 6 12 49 92 99 108 114 147 148 219 233 237 243 247 255 259 265 267 269 270 282 290 295 302 317 320 324 336 341 343 466 736 851 852 921 978 982 1062
176 6 10 11 21 22 41 49 55 58 59 63 78 86 88 97 99 124 132 141 147 150 151 153 157 165 169 170 171 172 173 176 178 179 180 183 184 192 194 195 197 200 206 207 213 220 273 285 291 296 299 304 314 320 329 336 399 428 460 461 466 499 518 629 641 679 788 892 935 1037 1175
177 0 1 6 7 10 11 14 15 21 27 30 49 50 54 55 57 61 63 65 68 69 70 72 76 78 81 82 86 88 94 95 96 97 98 99 108 114 115 118 120 121 122 124 128 130 140 141 144 145 150 152 154 158 165 169 170 171 173 175 178 180 181 184 190 191 192 193 196 199 200 201 206 207 212 213 216 219 220 223 225 226 227 229 230 231 234 235 238 243 245 247 252 254 255 262 265 266 268 271 272 277 280 281 285 290 297 299 301 310 312 313 314 322 327 350 363 381 406 419 422 426 428 430 445 462 463 469 474 475 482 486 491 501 502 511 522 539 556 558 568 578 581 586 615 638 642 645 665 670 671 682 710 715 717 721 725 734 737 749 766 768 775 791 826 843 899 963 974 982 986 1005 1066 1084 1128 1155 1207 1252
178 255 269 285 297 299 302 307 310 311 312 329 336 350 529 668 872 881 887 889
179 39 52 55 67 68 82 108 118 153 170 183 188 193 210 213 219 232 255 314 368 376 417 419 426 428 453 460 618 642 645 647 670 680 715 719 721 733 748 769 912 933 1096
180 6 8 24 118 217 219 234 267 271 277 279 285 286 401 467 581 585 668 728
181 0 14 49 68 120 123 169 175 178 188 419 462 470 585 841
182 54 156 174 199 209 213 224 225 227 238 270 271 376 401 474 476 636 706 725
183 0 8 13 19 24 39 43 46 49 50 51 56 57 63 64 65 69 70 85 88 92 94 97 99 113 121 124 129 131 134 162 167 169 173 178 179 180 182 184 188 189 193 194 204 205 207 209 210 212 213 218 220 234 235 247 259 269 271 272 273 280 282 283 284 310 314 317 336 353 367 374 377 378 383 389 419 423 442 453 464 469 471 474 476 478 483 487 488 489 495 497 499 500 502 503 505 506 508 512 514 518 519 520 522 572 578 585 589 591 593 618 619 627 629 631 634 641 644 663 678 680 685 693 694 701 710 765 775 795 817 835 918 923 978 980 990 1053 1066 1086 1101 1102 1122 1126 1295 1297
184 8 22 24 27 46 49 85 108 111 113 124 175 178 193 194 196 213 220 234 255 266 272 273 276 282 283 299 314 317 419 438 471 505 506 519 625 676 689 726 826 990
185 30 37 43 54 70 76 78 99 114 144 145 156 174 200 222 223 254 278 288 297 303 318 326 328 352 381 461 468 531 536 540 556 558 578 581 585 670 675 811 864 898 912 958 986 1012 1205 1222
186 7 22 27 51 63 64 68 69 82 85 113 132 134 165 170 176 183 188 193 194 206 207 210 211 213 272 297 419 422 423 428 430 638 646 647 680 693 696 721 722 733 775 1035
187 4 6 10 12 21 49 53 55 63 68 75 76 78 87 95 96 97 99 118 124 140 145 150 159 161 170 171 173 174 177 182 196 201 207 208 213 215 231 262 285 297 314 352 353 388 415 434 453 459 461 465 474 475 489 510 543 556 558 581 615 616 619 638 660 678 703 728 750 903
188 0 3 7 9 12 13 19 23 27 29 43 49 55 82 88 95 96 98 99 121 124 128 129 130 131 132 133 134 140 148 154 162 163 167 169 170 171 172 173 175 176 177 182 188 191 193 194 195 196 201 204 213 222 231 235 243 245 250 265 271 272 280 291 313 314 374 419 428 450 453 464 465 470 471 474 475 476 477 478 480 487 489 490 491 492 496 501 502 503 504 508 511 514 516 517 518 523 558 572 578 590 594 617 619 625 626 634 639 643 644 646 648 680 691 737 775 828 840 925 975 990 991 1030 1035 1063 1064 1080 1082 1279 1300 1301 1302 1303
189 6 14 99 114 144 145 219 234 242 266 269 270 273 285 297 299 307 310 322 329 350 462 535 581 615 737
190 269 283 297 298 299 310 311 312 327 336 341 736 876
191 6 8 24 49 99 105 124 254 255 281 284 286 298 299 336 506 795 1102 1122 1304
192 0 22 24 68 78 99 114 124 150 152 156 171 174 179 184 191 196 207 215 234 266 273 277 279 283 297 298 304 307 310 343 389 403 430 434 476 478 499 543 570 614 660 670 676 679 725 728 736 741 826 881 914 1047 1127 1305
193 0 3 8 11 12 14 21 22 27 43 50 51 55 57 63 68 70 86 97 99 121 124 133 141 154 158 162 165 170 171 176 182 183 184 185 188 189 190 191 194 196 201 208 215 220 235 262 291 313 314 353 422 426 427 430 457 458 465 474 487 493 494 498 501 502 506 509 510 511 512 514 517 518 520 521 556 570 578 634 635 642 644 646 648 650 679 721 756 775 818
194 13 46 54 99 124 129 131 132 140 178 210 231 239 255 262 268 270 273 295 301 310 324 383 442 487 491 498 572 581 602 638 737 805 864 984 1051 1056 1151 1252 1311
195 7 24 66 105 108 150 235 282 283 303 377 378 389 407 423 642 650 678 826 977 992
196 21 49 78 81 88 95 124 158 169 171 173 174 178 180 184 192 207 223 225 227 229 230 242 255 262 269 286 291 297 308 310 312 324 340 343 358 430 440 501 502 506 517 556 558 560 566 638 652 670 736 785 856 1185
197 0 6 10 22 49 55 63 68 80 88 95 97 100 124 129 132 134 148 150 151 165 169 170 171 173 176 178 179 180 183 184 185 188 190 194 195 197 207 211 212 213 214 235 255 314 353 378 399 422 423 424 438 465 466 471 492 500 502 517 518 522 616 638 641 642 647 713 732 951 1107 1128 1200
198 6 8 92 113 218 239 255 265 266 273 282 283 310 404 464 466 499
199 0 1 6 7 8 10 14 21 24 27 28 32 49 53 55 57 61 62 67 68 70 71 78 81 87 88 90 93 94 95 97 98 114 115 118 120 122 129 132 137 138 140 144 145 158 166 169 170 171 173 174 176 180 185 188 190 192 193 199 201 202 205 207 212 215 219 222 223 224 225 226 227 228 231 238 255 262 273 277 279 283 285 291 301 310 314 321 353 354 361 369 374 376 381 387 388 389 398 415 416 419 424 426 427 434 438 440 442 453 456 461 463 464 469 474 487 492 500 506 514 518 519 539 542 549 550 558 560 566 568 572 574 576 578 585 586 652 660 661 665 671 703 706 725 728 741 746 754 757 785 794 808 821 843 867 869 897 902 924 1058 1174 1185 1312
200 3 10 11 22 25 32 41 45 46 49 54 55 56 57 58 64 75 78 81 85 92 95 97 99 124 126 131 134 141 147 153 154 157 169 173 176 179 180 182 185 187 188 189 193 194 195 197 198 200 201 209 210 213 215 216 220 230 231 234 239 257 265 268 272 273 282 285 299 310 314 320 321 327 330 336 342 353 401 404 419 430 438 449 452 457 459 460 466 470 471 473 497 499 506 509 546 572 577 578 585 590 594 627 629 638 642 643 657 679 683 694 701 753 758 759 775 833 835 929 934 961 1040 1065 1093 1096 1100 1102 1128 1129 1133 1151 1152 1166 1200 1216 1297 1317
201 95 192 255 266 507 591
202 23 49 114 147 148 178 219 245 247 273 280 285 322 328 462 468 615 797 856
203 8 11 44 167 188 213 239 259 266 289 298 299 300 311 312 314 336 473 992 1152 1238
204 239 286 311 312 322 329
205 255 266 269 285 307 310 311 329 342 734 872 873 1092
206 3 8 13 14 22 24 27 41 55 58 63 68 78 86 97 122 124 130 131 140 150 158 167 171 176 182 183 184 188 191 193 194 202 205 208 213 234 239 255 266 270 279 310 312 313 314 353 389 419 423 430 459 474 499 500 505 506 511 512 515 517 518 520 522 556 558 596 642 647 698 721 728 732 740 848 1016 1063 1111 1155 1197 1228
207 65 87 96 183 191 194 199 205 208 213 307 367 389 398 423 425 430 505 514 515 649 650
208 0 15 49 124 178 248 282 290 317 404 752 795 1053 1102
209 0 3 14 22 24 27 49 55 57 64 68 69 72 78 87 95 96 97 98 111 118 124 129 131 132 149 150 151 157 158 164 165 169 170 171 173 177 178 179 182 183 184 192 194 197 199 201 202 205 207 208 213 219 231 252 254 271 273 287 297 298 299 311 323 353 376 398 399 400 415 416 419 430 434 438 456 473 474 475 492 505 508 514 518 558 618 638 641 642 644 678 694 708 718 721 737 941 982 1083
210 124 196 202 212 254 283 419 448 453 511 517 519 691
211 85 86 194 196 243 265 283 313 314 378 419 422 506 518 519 618 721
212 1 6 10 11 12 23 24 41 47 49 54 55 63 78 96 97 99 103 114 115 118 122 124 129 132 140 141 148 151 153 154 161 167 169 170 171 172 173 177 178 179 182 184 189 190 191 192 194 196 197 201 209 210 211 215 226 231 235 254 255 270 271 278 281 285 314 353 427 438 439 446 449 454 466 469 470 474 493 495 499 500 502 505 506 512 536 558 572 581 586 590 596 614 615 642 664 670 678 701 721 763 812 822 897 915
213 6 7 10 11 19 22 31 38 41 44 54 55 63 78 88 91 92 99 111 114 118 124 129 131 134 148 153 163 166 168 170 171 172 176 177 179 182 184 185 188 192 193 205 206 210 213 218 233 235 245 250 282 299 310 314 320 323 353 404 422 452 453 466 469 470 473 474 487 499 500 503 507 513 518 522 558 590 595 637 639 691 694 836 873 987 1009 1035 1043 1094 1300
214 27 49 53 55 63 86 88 97 98 124 129 131 141 148 154 165 169 171 173 176 178 180 182 183 188 191 192 193 194 199 205 207 208 213 219 224 225 231 234 268 310 350 353 417 419 427 429 434 440 465 471 474 487 508 514 1009 1033
215 0 2 3 6 8 10 11 21 27 41 46 49 54 55 57 63 64 68 78 80 81 90 92 96 97 99 105 119 126 131 141 144 147 150 153 165 169 171 179 181 185 193 197 199 201 207 212 215 218 231 234 235 273 279 283 295 299 310 311 314 353 417 419 457 466 487 499 522 615 638 639 642 660 683 707 721 733 749 772 916 1037 1066 1123
216 6 10 21 32 55 78 81 95 114 115 141 173 192 207 219 228 230 297 399 556 558 568 586 652 665 670 671 747 780
217 11 22 32 41 46 54 97 99 150 151 165 173 180 206 266 270 457 505 507 590 635 641 644 646 748 1043
218 3 111 129 176 212 220 255 266 300 378 428 536 603 618 651 835 856 909
219 265 266 283 285 286 291 297 298 300 302 303 315 336 668
220 2 6 11 16 22 23 26 31 32 38 41 47 49 52 54 55 63 68 75 78 91 95 99 114 126 141 147 153 169 170 171 175 178 181 183 201 207 212 215 228 237 243 247 254 256 265 269 270 279 283 295 314 323 331 342 381 399 452 458 466 499 535 540 558 568 638 670 681 707 718 723 748 749 772 828 913 916 981 982 987 1029 1043 1063 1099 1174
221 0 6 8 10 11 21 27 30 47 49 52 53 55 61 63 65 66 67 68 70 71 72 76 78 81 87 88 94 95 96 97 99 100 114 115 122 124 132 141 144 150 152 153 154 158 161 165 169 170 171 173 178 179 180 182 183 190 192 193 195 199 201 206 207 211 212 213 215 216 219 220 225 227 229 234 235 236 243 245 254 255 265 268 273 279 285 295 297 310 314 322 324 329 352 353 361 362 376 381 388 389 395 398 419 426 428 431 440 466 512 518 528 539 556 558 578 581 606 615 623 638 642 671 675 678 679 696 715 718 721 725 728 732 736 741 742 779 788 830 872 981 1012 1014 1027 1177 1229 1322
222 0 21 27 68 70 94 108 114 140 170 213 234 252 254 271 273 275 279 291 295 306 310 314 318 328 329 335 461 536 586 668 735 802 826 843 899 941 963 984 986 1055
223 14 21 27 50 68 76 96 154 159 175 188 190 193 212 219 277 279 291 297 310 314 322 324 345 352 374 376 383 388 398 399 419 459 461 517 543 560 572 642 647 649 672 685 706 713 717 827 1009
224 21 63 97 133 169 190 191 212 234 283 414 422 469 470 471 473 483 501 556 590 593 691 1161 1326
225 6 8 11 13 23 24 27 55 68 88 97 106 147 166 171 173 176 177 188 200 221 239 255 267 283 401 404 471 499 500 518 699 795
226 6 12 13 14 18 24 49 92 99 113 121 123 124 126 134 218 271 273 282 284 290 292 315 320 407 466 977 981 987 1037 1038 1108
227 269 283 285 310 422 638 642 676
228 266 283 285 299 308 336 340 345 873 874
229 0 7 10 21 27 49 50 63 68 69 70 78 81 94 96 97 114 118 122 129 131 138 139 140 150 151 158 159 165 169 171 173 178 182 183 193 199 201 207 208 211 213 220 231 234 236 262 263 273 277 288 291 301 353 367 374 398 401 414 415 416 419 422 427 430 434 442 475 476 487 489 490 506 539 560 572 578 614 620 637 666 685 725 728 924 935 941 1150
230 14 49 118 123 178 249 286 297 401 462 734 897
231 0 13 31 43 47 49 51 55 63 80 90 95 97 99 129 130 162 163 167 169 170 172 175 178 183 188 191 193 194 199 201 243 247 265 269 273 286 299 311 314 353 415 419 420 430 452 453 465 466 474 484 489 505 514 522 572 590 625 642 676 691 694 876 894 1113
232 8 13 22 46 47 55 56 63 68 69 70 81 94 96 97 99 118 124 130 132 140 165 171 174 177 184 188 189 190 191 193 194 199 201 202 205 209 212 213 220 231 246 254 258 266 272 273 290 301 314 353 367 371 374 377 414 419 430 453 469 473 474 483 486 489 495 497 500 502 506 512 514 518 519 558 574 578 590 601 620 631 634 641 647 721 788 810 826 896 930 1152
233 3 7 19 21 22 27 29 30 44 49 51 63 68 90 97 98 99 103 121 124 129 131 132 133 162 163 167 175 180 184 188 190 191 194 196 197 203 205 206 221 226 231 239 282 286 289 310 312 314 353 363 374 400 410 412 415 419 422 423 424 425 427 453 454 455 457 464 465 470 471 472 473 474 475 479 481 482 485 486 487 488 489 490 492 493 495 496 497 498 501 502 504 506 510 511 514 516 519 521 548 572 589 590 591 593 594 597 598 600 602 613 616 621 625 628 638 641 643 644 647 648 650 660 662 691 695 710 731 756 775 817 823 828 840 844 894 896 900 936 938 942 990 991 1034 1086 1091 1128 1144 1161 1178 1296 1328 1331 1334 1336 1337 1340
234 0 6 21 49 68 69 78 82 84 85 86 95 99 132 150 167 171 172 176 182 185 187 188 189 190 191 192 194 204 208 210 227 234 266 272 282 300 314 315 340 342 415 424 428 430 454 465 471 474 485 487 502 503 506 511 513 514 515 634 635 639 642 670 678 687 691 775 896 942 943 991 1099 1113 1135 1151 1333 1341
235 8 14 27 50 55 56 63 68 96 97 108 124 129 130 131 140 145 167 178 182 188 196 200 213 219 220 234 279 283 286 295 301 304 310 314 324 415 416 419 422 427 430 434 453 474 497 511 536 539 581 585 601 660 678 685 691 715 721 736 907 1067 1260
236 8 22 27 57 63 82 97 99 124 131 166 175 176 177 180 182 187 188 194 196 208 235 353 404 419 465 470 474 476 480 485 489 493 504 505 516 519 590 643 646 1150
237 108 118 254 283 295 297 401 462 529
238 7 8 9 11 13 38 41 44 45 49 55 57 64 88 90 95 97 113 121 129 131 132 134 147 159 162 165 168 169 171 172 176 177 180 182 184 191 192 195 204 206 207 218 235 239 269 273 302 313 336 417 422 423 427 428 429 434 453 454 465 466 469 470 474 475 479 480 482 484 488 489 490 495 496 498 499 500 502 503 504 507 518 519 520 521 522 548 590 592 599 619 620 621 634 637 639 641 650 658 662 687 691 722 731 739 817 835 894 896 927 933 1026 1035 1040 1063 1064 1161 1162 1200
239 239 266 269 283 285 286 298 299 304 310 336 872 874
240 265 283 285 297 304 307 310 736 857 864
241 0 108 234 272 280 291 302 303 327 357 726 907 1102 1115 1270 1272
242 0 9 12 27 82 85 108 113 124 154 159 188 191 193 205 218 220 243 265 282 283 303 313 314 383 430 449 468 500 502 505 522 572 618 619 642 647 680 685 718 722 763 795 1009 1155 1226
243 0 2 6 8 12 19 21 25 27 30 41 49 51 55 63 64 65 66 67 68 69 70 71 76 85 87 88 89 91 94 99 100 106 108 111 119 123 132 148 150 151 153 154 158 159 165 166 168 169 170 176 177 178 180 185 188 190 193 194 197 201 205 206 211 212 213 214 229 234 235 238 243 246 255 262 265 273 291 313 314 320 353 365 376 377 405 406 407 423 428 442 466 499 500 512 518 528 543 549 556 571 574 585 615 616 618 638 639 642 647 663 683 693 694 707 710 721 724 729 733 740 749 750 758 765 773 797 836 843 863 897 914 919 922 926 928 931 987 1009 1011 1015 1018 1044 1063 1074 1083 1084 1097 1114 1127 1146 1317 1343
244 49 109 178 219 297 585 586 703 998 1003
245 0 10 11 23 49 54 67 80 82 97 99 106 118 129 148 169 170 172 173 175 178 181 182 195 198 205 208 216 220 224 233 235 247 254 257 262 285 399 409 420 428 435 461 466 468 537 557 558 578 603 638 639 645 652 659 662 705 707 710 721 727 732 821 833 872 892 1009 1043 1066
246 0 6 27 49 57 63 69 108 118 148 178 248 254 266 269 722 736 992
247 10 49 54 63 88 95 97 99 111 114 124 153 165 169 173 178 180 183 191 195 231 246 320 339 466 506 579 834
248 0 3 6 8 10 11 12 21 22 23 27 30 38 41 49 52 54 55 57 63 67 68 78 82 85 87 88 91 92 95 97 99 111 114 121 126 132 134 141 144 153 165 166 170 171 172 173 176 179 180 183 185 188 192 195 199 200 206 209 219 220 225 232 234 235 237 238 239 245 246 247 255 268 270 272 280 295 297 299 313 314 323 329 353 399 404 405 417 419 422 426 446 453 458 460 462 469 470 471 474 558 573 581 590 621 645 670 672 694 709 727 732 772 788 825 833 892 981 1009 1039 1043 1068 1126
249 0 1 6 11 22 27 43 49 54 55 63 68 70 80 88 90 91 94 97 99 108 113 124 126 132 141 148 151 156 172 176 178 180 188 193 197 199 219 220 235 237 241 255 257 267 268 273 285 290 310 317 321 329 334 336 353 363 374 400 414 449 460 465 466 471 476 487 492 518 548 572 578 585 615 616 663 740 795 825 916 941 958 963 1043 1102 1123 1315
250 0 11 14 21 44 49 59 63 78 99 106 114 118 122 129 141 148 169 178 180 182 199 207 219 234 245 246 272 278 279 285 292 295 297 310 414 422 424 471 511 599 671 728 826 982 984
251 0 6 8 13 99 126 146 221 265 272 273 274 283 297 406 466 728 828
252 0 7 11 14 21 49 63 78 80 82 86 88 94 95 96 97 99 114 118 124 129 170 180 185 187 195 197 199 200 207 213 217 219 231 234 279 291 297 314 324 339 422 456 473 474 476 478 481 485 487 501 509 514 518 556 558 578 642 646 675 685 691 718 728 788 872 938 1009
253 7 21 27 49 63 68 81 96 97 115 129 130 132 133 137 140 161 169 171 178 180 193 196 201 207 219 224 225 226 227 231 238 310 376 412 415 419 424 440 487 489 585 609 642 649 924 1141 1326
254 55 97 144 182 216 231 246 255 268 285 320 331 401 431 549 586 668 812 814 815 849
255 0 1 3 4 6 8 10 11 14 20 21 24 28 30 37 43 48 49 50 53 63 65 78 81 85 87 88 95 96 97 99 103 114 115 118 122 124 144 148 158 171 178 179 182 185 192 200 207 213 219 222 223 224 227 230 231 234 240 242 262 271 275 277 281 285 288 318 319 377 381 383 398 399 401 405 409 442 443 451 462 463 464 467 478 529 536 540 544 556 558 573 581 584 586 615 629 644 652 664 670 671 678 702 710 714 718 725 727 728 734 742 747 751 755 761 763 764 766 768 769 777 790 797 801 811 812 827 841 843 898 912 949 957 958 959 998 1003 1011 1012 1016 1017 1021 1031 1053 1074 1079 1114 1168 1233
256 13 49 56 58 59 60 69 85 99 110 126 134 148 162 163 178 221 242 272 273 282 283 286 302 304 310 320 377 453 466 522 572 663 894 909 978 980 1094 1102 1122 1339
257 269 283 291 297 307 308 310 319 322 328 676 734 737
258 11 96 97 105 114 144 151 165 169 170 173 176 177 178 182 197 207 252 283 290 295 310 313 353 466 475 734 736 758 901 931 1100
259 267 310 322 329 330 346 358 668 734 858 859 868 960 995 1070 1198
260 114 240 242 256 285 291 297 298 318 322 335 336 355 406 586 673 852 869 995
261 6 10 21 39 55 63 64 68 69 70 89 95 97 108 128 188 235 255 272 289 314 334 361 363 398 417 419 422 428 442 476 477 487 543 572 578 585 618 637 642 647 685 695 721 733 763 826 896 922 984 1111 1177 1223
262 0 21 30 57 63 68 78 81 85 86 94 95 96 97 99 122 124 129 130 131 132 133 138 140 141 159 160 165 171 173 174 177 178 180 183 185 191 192 193 194 196 199 201 202 212 219 231 242 262 266 269 311 312 314 324 353 374 412 415 419 429 430 434 456 473 474 475 477 486 487 489 501 502 506 514 517 518 519 534 558 589 609 633 635 648 649 676 685 718 1091 1333 1349
263 3 6 11 13 18 22 24 25 41 46 55 69 92 97 99 113 120 147 150 165 170 172 176 179 180 181 182 183 189 191 197 198 199 201 205 206 207 208 213 216 219 227 231 232 235 237 266 272 280 285 316 341 363 377 378 397 425 428 434 438 442 466 469 495 505 507 508 516 548 549 589 590 593 624 632 641 642 643 646 658 662 688 695 707 731 772 775 795 1039 1040 1044 1068 1083 1270
264 0 99 114 115 122 234 242 254 255 279 281 285 290 291 295 297 324 406 462 581 615 728 734 742 947
265 13 99 121 265 269 272 282 283 310 499
266 2 6 11 16 21 23 27 30 32 46 49 52 54 55 63 64 67 68 79 80 81 87 88 91 97 99 105 111 121 124 125 132 138 140 141 142 150 153 154 155 156 158 165 166 169 171 172 173 174 176 177 179 180 183 184 185 186 192 195 199 200 201 203 206 207 211 213 214 215 219 225 226 227 228 230 235 236 237 247 262 270 290 363 399 404 406 426 428 455 461 465 466 470 471 474 475 489 506 509 540 558 601 629 634 641 642 652 665 670 679 696 701 713 718 725 765 772 806 821 916 1005 1043 1195 1300
267 3 6 9 10 11 26 30 41 49 54 55 58 59 60 67 82 88 91 94 95 96 97 111 113 114 121 124 131 132 141 144 150 151 165 166 169 170 171 173 176 178 179 180 181 185 186 188 191 192 195 197 200 202 205 206 208 219 223 224 225 228 231 241 243 246 247 254 265 266 283 285 299 320 329 353 399 400 404 420 428 430 465 466 470 471 474 475 497 516 518 536 552 572 573 617 639 641 642 665 699 704 1035 1043
268 8 12 22 41 46 47 51 54 55 58 63 64 97 99 105 121 124 128 129 131 132 133 134 148 149 153 165 168 172 174 176 179 182 184 188 189 191 194 195 197 206 208 209 210 235 243 265 273 282 311 312 314 336 353 367 392 406 419 420 422 423 427 460 465 466 469 470 474 479 483 487 489 490 495 497 498 499 500 503 505 506 508 509 512 513 514 516 518 519 520 522 528 572 589 590 595 603 618 619 626 627 631 632 634 641 642 644 646 648 650 651 660 683 694 701 702 727 733 775 776 836 878 892 895 896 931 933 968 975 981 990 1035 1066 1068 1112 1274 1296 1317
269 4 6 12 24 25 49 52 55 59 65 69 78 82 85 87 89 92 96 97 118 120 145 152 153 156 161 170 173 178 180 182 197 210 214 215 216 219 223 231 238 239 248 250 254 262 265 272 276 278 280 283 285 292 303 315 323 366 375 383 398 417 433 438 443 457 462 466 522 526 536 541 548 549 556 559 571 573 574 585 590 652 658 659 670 680 689 693 699 700 702 708 713 722 725 726 727 733 763 766 777 783 797 849 901 916 977 979 984 1043 1044 1074 1084 1112 1168 1347
270 3 7 8 10 11 12 21 27 30 43 47 49 50 51 63 68 69 76 78 82 87 94 96 97 99 108 121 124 128 129 130 132 134 138 166 167 169 170 171 176 177 178 183 184 187 188 189 190 191 193 194 195 196 197 199 200 201 202 205 207 208 212 213 221 231 234 235 239 254 262 266 272 274 280 282 283 286 299 310 311 314 342 352 353 367 374 389 398 410 419 422 423 424 425 430 452 453 457 470 471 473 476 478 481 484 485 486 487 489 496 497 500 501 502 505 506 507 509 511 512 514 517 518 520 521 539 556 581 590 592 601 629 635 638 641 644 647 648 650 676 678 683 685 691 693 699 715 718 721 725 730 736 775 828 843 929 935 1016 1058 1066
271 7 10 11 21 22 31 41 47 49 55 68 78 95 97 124 131 169 171 172 175 180 184 191 197 201 202 205 207 208 231 235 285 313 353 419 460 465 474 489 505 512 591 638 641 1066
272 265 269 300 302 308 311 315 317 343 676 873 878
273 0 8 14 24 49 68 70 82 97 99 108 114 115 122 147 161 178 197 205 208 217 231 234 255 271 272 273 274 279 285 297 314 315 401 462 467 469 487 581 615 616 671 699 728 730 734 748 826 843 1021 1030 1033 1115
274 0 27 49 97 100 141 161 171 173 178 188 196 207 219 225 262 291 297 427 511 514 732
275 0 1 3 6 7 8 10 11 13 16 21 22 23 24 27 30 32 41 46 49 52 54 55 57 63 64 67 68 69 70 71 75 77 78 80 81 88 90 91 94 95 97 98 99 100 106 114 118 120 121 122 124 125 132 136 138 140 141 144 147 148 150 151 153 154 157 161 165 166 168 169 170 171 172 173 176 177 178 179 180 181 182 183 184 185 186 189 190 192 193 194 195 197 198 199 200 201 203 204 206 207 211 212 214 215 216 219 220 223 224 225 227 231 232 234 235 236 237 238 243 245 246 247 254 255 259 262 265 266 267 268 269 270 273 279 281 285 287 290 291 295 297 298 299 300 304 310 311 312 313 314 320 324 327 328 329 330 336 339 342 343 350 353 378 381 389 392 399 400 404 406 407 413 414 415 416 417 419 420 422 423 424 427 428 431 434 438 439 446 449 452 453 454 460 462 464 465 466 470 487 492 499 509 514 517 522 537 540 548 549 556 558 559 568 571 578 590 615 621 623 627 634 636 639 640 642 645 670 671 677 678 679 695 696 718 721 723 728 732 733 736 737 756 758 788 824 825 826 833 834 878 889 892 895 915 916 931 941 989 1026 1063 1083 1094 1100 1129 1131 1157 1175 1177 1195 1215 1243 1356
276 0 8 14 23 24 92 99 108 114 126 144 218 234 252 255 270 271 273 276 279 281 282 283 290 499 581 606 615 728 825 898 1155
277 21 97 266 283 285 291 303 308 310 311 343 506 516 529 590 738 896
278 1 3 6 9 15 16 23 24 26 32 39 41 46 55 58 59 60 66 67 72 79 80 82 88 91 95 99 102 105 106 111 114 118 125 134 141 144 148 149 150 151 153 160 162 163 165 166 170 171 172 181 183 186 192 198 199 204 205 206 207 208 221 223 224 225 226 227 230 233 235 236 237 245 254 262 287 298 315 317 338 359 360 368 369 376 378 380 381 387 391 393 394 395 397 403 404 406 409 420 424 426 428 429 431 441 446 455 456 460 465 473 477 482 493 505 508 540 548 556 561 568 576 586 611 617 623 625 639 641 646 647 665 673 688 695 696 698 705 707 711 714 727 732 737 745 763 765 772 780 785 786 802 806 808 812 814 822 824 839 841 848 877 899 913 918 943 949 962 968 970 971 977 982 997 998 1000 1004 1009 1017 1022 1029 1042 1055 1059 1086 1137 1140 1164 1167 1185 1187 1218 1232 1234 1247 1255 1281 1309 1355 1359 1360 1361 1362 1363 1364 1367 1368 1369
279 0 4 6 7 8 10 11 12 21 30 39 52 55 57 65 66 68 69 70 71 78 85 89 94 95 97 101 108 114 124 129 132 137 139 150 152 153 156 158 164 177 197 200 213 215 217 222 230 232 262 271 273 283 285 311 312 314 318 320 363 375 380 383 385 388 389 398 412 419 426 442 459 467 474 477 487 490 518 529 535 536 556 574 576 578 596 606 616 618 647 650 660 683 685 709 728 732 736 742 750 751 765 766 773 898 901 915 919 947 998 1005 1011 1018 1021 1036 1064 1077 1079 1127 1165 1174 1178 1239 1251 1300 1338 1342 1352
280 268 285 297 301 307 328 529 676 734 854
281 255 259 265 266 285 291 299 302 315 323 867
282 23 41 48 49 55 69 70 82 90 94 99 106 122 148 165 170 172 183 191 199 201 205 206 207 208 213 235 291 389 405 408 427 430 446 578 614 646 695 718 802 826 1048 1079
283 255 259 265 266 269 283 298 299 300 301 302 303 304 324 336 340 341 342 343 864 876 879
284 99 147 148 165 180 188 191 195 219 234 266 267 273 285 297 299 310 342 353 446 529 668 878
285 0 3 6 10 13 16 19 21 33 39 41 46 49 54 56 65 69 71 72 82 84 87 88 89 90 94 95 96 98 100 108 113 120 122 124 129 130 134 139 140 144 148 150 151 152 164 165 168 169 170 171 172 173 176 180 183 188 192 193 195 199 205 206 207 208 213 221 229 232 245 247 248 255 265 266 269 272 274 275 277 285 286 295 298 306 309 311 312 325 326 332 335 336 337 341 344 350 353 363 368 375 377 378 389 390 392 399 400 404 415 419 423 426 428 442 453 456 466 467 474 518 526 528 544 549 559 564 578 615 616 627 639 645 669 675 693 695 696 718 723 724 727 728 732 733 747 763 766 783 803 858 860 861 865 882 897 902 904 922 928 941 984 1008 1009 1021 1023 1044 1045 1058 1066 1070 1098 1152 1213 1225 1231 1232 1253 1280 1372
286 0 3 8 10 27 38 49 55 63 91 97 99 105 114 118 153 165 197 198 205 215 219 232 234 243 245 246 254 265 273 291 295 310 323 336 342 343 452 536 581 639 668 696 734 826 899 925 986
287 11 12 14 21 49 63 68 96 97 99 124 133 154 171 173 175 177 179 193 194 196 197 199 202 208 213 231 234 255 265 266 269 273 283 297 302 313 314 336 341 342 353 422 502 506 511 519 535 619 638 864 876 1035 1273
288 6 23 114 462 671 728 830 986
289 0 14 21 27 30 49 63 65 68 70 81 87 94 97 98 115 118 132 133 138 140 155 158 161 169 171 173 178 180 190 193 199 201 207 213 219 225 227 254 262 271 314 381 398 415 419 424 427 429 463 474 487 489 518 578 585 612 678 718 741 791 963 1005 1017
290 0 3 4 6 7 8 10 11 14 16 21 23 27 30 32 40 45 47 48 49 52 53 54 55 63 65 66 68 69 70 71 76 78 79 81 89 91 92 94 95 96 97 98 99 100 103 114 120 121 122 125 126 137 141 144 148 150 151 153 156 161 165 169 170 171 176 178 181 192 197 199 201 207 209 211 212 215 216 220 223 229 231 233 234 235 237 243 246 247 259 279 281 282 285 287 288 290 291 321 352 363 380 381 392 397 398 399 400 401 406 407 409 412 413 414 416 417 419 422 423 439 446 451 457 460 462 466 492 499 540 548 552 556 557 558 563 566 568 571 572 578 614 618 623 642 657 671 672 701 708 715 718 721 727 733 749 756 758 765 769 773 777 781 802 806 807 825 897 906 912 914 916 919 982 986 987 1012 1016 1029 1037 1043 1046 1047 1063 1074 1137 1146 1168 1176 1177 1199 1201 1222 1373
291 0 8 9 10 23 27 47 49 55 57 63 78 82 85 95 97 99 108 112 114 121 124 129 132 141 147 148 150 153 162 165 166 170 171 173 177 178 180 187 190 191 192 194 196 200 204 206 220 223 225 231 245 262 273 279 282 295 297 316 327 404 415 419 424 466 470 473 474 475 477 479 482 483 490 501 502 506 514 516 519 579 589 590 594 618 640 641 644 646 648 691 772 825 835 892 980 1009 1020 1043 1107
292 3 11 22 44 47 49 54 55 63 70 80 81 86 88 91 96 97 99 121 124 129 131 132 140 141 148 149 150 153 154 157 160 161 165 169 170 171 173 174 176 177 179 180 182 189 191 193 195 196 197 203 208 212 213 220 231 235 248 269 270 282 290 294 295 299 300 310 313 353 400 410 416 420 422 424 427 430 434 436 438 453 454 458 460 465 470 471 473 474 475 482 483 487 488 492 494 495 497 498 504 505 509 518 519 522 558 572 579 590 623 625 634 636 640 641 644 679 691 915 1111 1231 1262
293 0 6 23 49 78 92 99 106 108 114 118 120 124 144 148 178 219 234 243 245 246 247 249 257 265 266 268 273 283 285 290 291 292 295 297 298 310 320 324 327 329 330 336 339 343 346 351 401 406 462 466 474 499 506 511 526 529 530 535 536 590 728 737 849 856 872 977 982 986 1037 1097
294 0 3 6 10 21 24 38 42 46 49 51 55 59 64 66 67 68 69 70 71 72 78 81 82 85 87 88 90 93 94 96 97 98 99 101 102 106 112 118 122 129 130 131 134 139 140 141 148 150 151 152 154 155 156 158 159 161 165 169 170 171 178 183 187 188 191 193 199 201 205 206 207 210 212 213 214 215 219 223 224 225 226 227 232 234 235 238 262 287 314 353 367 374 376 377 378 381 382 385 391 398 399 400 401 410 412 413 415 416 417 419 422 426 430 440 441 442 456 474 476 484 487 488 489 495 502 504 518 536 549 551 572 578 589 611 616 618 629 635 642 647 690 691 706 708 713 715 721 722 723 724 725 726 729 733 777 791 794 824 914 924 933 937 938 998 1009 1020 1080 1098 1100 1129 1178 1239 1300 1329 1338 1349
295 0 6 8 10 13 18 19 21 22 31 44 47 49 54 55 78 82 88 95 97 99 111 118 121 122 124 131 134 141 150 169 176 177 178 184 188 191 195 196 201 208 218 219 225 234 235 239 243 245 248 253 254 255 265 266 269 271 272 273 274 276 279 281 282 283 284 289 290 294 298 300 310 311 353 422 424 430 453 460 466 471 473 474 475 476 489 495 499 501 505 506 512 514 519 535 615 619 639 641 646 650 671 682 691 736 826 835 874 896 923 933 935 977 1043 1107 1122 1203 1229
296 6 7 10 11 19 21 23 24 27 31 49 54 55 56 69 82 85 88 89 96 97 99 105 106 111 113 114 121 125 126 130 132 134 140 150 151 153 165 170 171 172 173 178 180 182 193 198 205 206 207 208 213 219 220 234 235 255 265 266 269 270 272 280 281 283 295 298 299 304 353 427 438 446 465 466 470 471 499 506 518 572 578 590 615 646 676 685 722 736 737 977 1238
297 0 7 8 21 22 27 49 57 68 70 78 87 96 97 115 118 124 129 131 140 141 165 169 171 175 178 183 184 190 191 192 193 194 196 201 202 205 207 208 212 234 249 254 258 262 279 281 283 313 314 329 353 389 414 415 419 422 425 427 430 456 462 465 468 470 473 474 475 487 489 493 494 498 502 505 514 517 518 521 539 578 590 591 612 638 691 823 924 963 1107
298 9 11 12 13 22 25 27 46 47 48 49 51 55 58 59 60 80 82 85 88 90 96 97 111 124 126 131 132 133 134 141 147 148 149 151 162 163 165 166 167 168 170 171 172 173 176 187 188 195 199 201 205 207 208 209 210 213 235 245 248 267 272 273 282 283 295 297 299 308 314 329 341 343 350 363 392 404 414 428 453 465 466 469 470 471 473 474 475 476 478 479 489 493 494 499 500 501 502 503 504 505 506 507 508 520 534 578 593 594 602 628 629 632 634 649 678 688 696 701 713 716 718 728 732 733 739 763 775 793 795 828 835 909 928 934 937 942 975 976 990 1009 1020 1026 1043 1068 1084 1106 1374
299 240 254 285 297 318 405 447 814 849 853 858 921 1060
300 0 3 6 7 10 11 14 16 21 23 27 28 32 41 42 46 49 50 55 57 63 65 67 68 70 72 75 78 81 87 93 94 95 96 97 98 99 106 114 115 118 120 124 125 129 130 140 141 147 151 153 165 169 170 171 173 178 179 181 183 184 191 192 193 194 196 198 199 200 201 202 207 212 213 215 216 219 223 227 229 230 234 237 247 255 262 266 268 278 279 281 285 291 297 314 319 329 336 353 359 363 369 376 380 397 399 401 405 406 408 420 421 422 424 426 434 438 442 446 456 461 465 472 474 487 493 502 510 514 518 536 549 558 566 578 591 594 638 647 660 672 679 688 718 728 741 742 749 773 780 812 830 841 843 848 931 982 986 998 1005 1077 1185 1228
301 298 304
302 0 3 6 7 8 10 11 12 16 21 22 24 25 32 40 41 43 46 49 54 55 63 64 66 67 68 69 76 78 79 80 81 82 87 89 90 91 92 94 95 96 97 98 99 106 113 119 120 121 124 125 126 129 131 134 140 141 144 147 148 149 150 153 157 158 161 165 167 168 169 170 171 173 176 178 179 180 181 182 183 184 188 191 192 195 197 198 199 200 201 205 206 207 212 213 215 216 218 220 223 225 228 229 230 231 232 233 234 235 238 243 247 248 252 254 255 259 265 266 267 273 281 283 284 285 287 290 291 295 299 314 315 329 336 353 363 375 377 381 382 383 389 392 398 399 400 401 404 406 407 414 415 416 417 419 420 422 425 428 430 431 434 440 442 451 452 461 464 465 466 470 471 473 474 475 482 492 493 497 498 499 505 508 509 516 522 535 548 549 552 558 565 572 578 581 585 590 602 603 618 637 638 640 641 642 645 652 660 678 679 691 695 701 707 721 725 727 728 732 748 749 759 763 765 773 775 787 795 812 826 828 852 892 929 932 951 977 982 991 1009 1018 1043 1063 1074 1107 1145 1146 1175 1183 1231
303 234 268 272 275 291 295 297 310 318 749
304 0 6 11 13 41 44 47 49 60 63 69 85 96 97 124 131 148 151 153 157 162 163 165 166 167 168 169 172 173 175 177 178 180 183 184 186 193 195 196 200 204 206 213 220 239 248 255 266 282 283 286 295 299 308 311 313 353 378 404 419 420 422 426 453 462 465 466 471 474 477 502 503 518 519 520 521 547 572 615 625 637 641 642 647 676 695 699 721 775 776 836 840 880 894 896 920 935 943 988 1066 1069 1231 1336
305 12 13 18 99 108 113 147 232 239 254 266 272 282 283 284 303 315 730 979 1203
306 0 20 23 49 55 63 69 70 80 81 82 88 90 98 106 111 129 132 142 150 151 161 165 166 169 170 171 172 178 183 186 194 206 211 212 219 224 225 226 227 254 255 266 404 415 419 423 426 428 440 453 454 465 474 502 506 518 520 570 578 642 694 732 922 992 998 1075 1308
307 0 3 4 6 7 8 10 11 16 21 22 23 24 29 31 41 43 44 46 47 49 55 58 63 65 67 69 70 71 73 78 80 81 84 86 87 88 90 91 94 95 98 99 104 113 121 124 126 128 131 132 140 148 149 150 151 153 154 157 159 160 161 165 166 168 169 171 172 173 174 175 176 177 178 179 180 181 182 183 184 188 189 191 192 196 197 198 199 200 201 205 206 207 208 210 215 220 227 235 238 245 252 254 272 273 281 282 285 290 295 314 315 353 363 378 381 388 389 392 398 399 404 406 407 415 416 419 420 422 423 424 425 427 428 429 430 431 438 446 452 454 457 458 460 466 468 470 471 472 473 477 478 479 481 485 489 492 493 495 497 500 502 503 505 507 508 510 511 514 516 521 522 528 540 548 549 556 557 558 571 573 574 578 579 589 590 592 596 597 598 600 605 616 620 621 627 628 629 633 635 636 640 641 642 644 648 650 651 652 658 660 662 665 672 685 691 694 698 701 718 725 727 728 732 756 787 788 793 804 807 829 833 836 894 901 918 934 937 940 976 989 991 1015 1016 1035 1083 1100 1105 1111 1128 1155 1303 1308 1313 1336 1378
308 239 255 283 322 327 330 856 911 995
309 13 23 49 113 178 248 272 301 527 726 826 992 1107
310 0 7 11 14 21 27 30 38 42 49 50 53 55 63 65 68 69 70 71 72 75 76 78 81 82 85 87 88 95 96 97 98 100 114 118 122 124 129 131 132 133 138 158 165 167 169 170 171 173 174 175 177 178 180 184 185 188 190 191 192 193 194 196 197 199 200 201 202 205 207 210 212 213 215 219 223 224 225 226 227 228 230 231 235 255 262 272 273 279 291 297 303 307 311 314 318 325 344 352 353 361 362 367 374 376 381 383 388 389 395 398 399 412 414 419 423 426 427 439 456 459 460 462 470 471 473 474 475 478 482 484 485 486 487 489 490 492 495 496 501 502 506 511 512 514 517 518 519 530 556 558 560 578 582 601 608 614 617 626 629 632 635 638 642 647 649 665 670 678 685 694 702 709 710 715 718 721 725 734 736 741 763 777 826 894 914 915 917 919 938 1005 1059 1084 1178 1188 1239
311 0 7 9 13 22 27 49 51 56 68 69 70 82 88 95 96 97 99 111 128 129 130 131 133 140 151 162 163 166 167 169 171 173 175 176 177 178 180 182 184 186 187 188 191 192 194 196 201 202 203 204 205 208 210 220 231 266 272 273 353 378 404 422 424 425 427 430 434 450 454 465 469 470 471 472 473 474 475 476 477 478 479 480 481 482 484 485 486 487 489 490 494 496 497 498 500 501 502 504 506 510 511 512 515 516 517 519 520 521 522 528 534 547 563 574 578 579 583 585 588 589 590 591 593 594 595 597 598 599 600 601 602 605 618 620 625 626 628 631 634 635 640 641 643 644 646 647 648 650 658 660 662 670 678 691 699 726 795 817 818 831 835 840 894 918 940 990 1009 1020 1089 1091 1126 1131 1161 1240 1241 1333 1379
312 0 22 30 49 62 63 68 70 72 78 88 95 96 97 98 99 111 114 115 118 124 128 129 130 131 132 133 138 141 144 158 169 171 172 173 174 175 177 178 179 180 182 184 188 190 191 192 194 196 199 200 201 202 207 208 212 213 222 223 231 235 262 297 306 314 322 324 329 353 381 389 400 416 419 422 425 427 430 431 434 462 465 470 471 472 473 474 475 479 480 481 487 488 489 492 494 495 496 502 505 506 507 510 511 512 514 516 517 518 536 540 556 558 578 590 591 595 602 603 611 612 615 619 620 623 637 641 642 644 646 648 650 652 660 670 756 818 869 941 1020
313 0 4 6 7 8 10 11 14 21 27 28 37 40 41 53 63 64 65 66 67 68 70 72 77 87 93 94 98 102 108 114 118 122 129 135 140 144 147 148 152 158 199 201 212 215 217 234 243 252 254 265 275 279 280 285 291 314 318 323 324 328 362 363 374 389 398 401 405 406 407 413 414 415 419 459 467 487 492 526 533 536 552 558 568 578 581 586 596 610 614 615 642 659 668 671 678 685 707 717 721 725 728 747 748 749 754 765 773 774 777 778 788 790 794 797 801 802 809 814 826 843 846 850 897 905 907 912 919 922 954 963 966 982 986 1002 1011 1017 1018 1023 1033 1101 1104 1114 1115 1168 1175 1177 1205 1221 1239 1249 1345 1347 1349 1380 1381 1382
314 3 11 12 22 24 45 47 54 55 78 92 97 99 124 134 151 153 161 165 170 172 173 175 177 182 183 184 191 201 206 208 213 220 227 235 266 273 282 283 299 300 314 323 336 378 423 428 452 466 499 504 511 514 522 590 629 632 641 644 660 695 727 775 1035 1051
315 8 13 18 21 43 63 82 96 97 99 129 167 177 187 188 194 210 220 272 280 283 289 303 314 353 422 454 474 506 512 522 539 620 638 693 702 716 721 896 1009 1051
316 242 261 285 296 297 310 324 327 346 350 351 734
317 7 11 13 14 23 24 25 39 57 63 65 68 69 71 87 93 99 124 129 130 131 134 135 137 139 140 154 159 164 171 176 179 183 184 188 191 194 201 205 207 208 210 213 234 236 252 254 262 266 272 279 282 291 298 309 311 314 317 322 336 352 353 374 381 389 410 415 419 430 442 449 465 467 471 472 473 476 492 494 499 500 518 522 531 556 592 597 615 616 618 635 642 644 646 678 683 694 698 708 718 721 725 736 791 843 874 907 914 982 1014 1018 1020 1122
318 264 265 298 299 303 304 310 328 329 856
319 1 2 6 10 16 21 32 37 41 49 50 53 55 61 65 67 78 88 89 91 95 96 98 99 114 118 120 126 142 144 145 153 156 158 161 169 170 171 173 174 180 181 182 185 192 199 201 207 223 229 230 235 238 245 254 271 281 285 288 291 297 354 365 381 399 401 406 417 426 428 449 461 536 540 542 544 558 560 612 614 665 671 678 725 728 737 749 760 783 790 807 809 830 846 872 919 1017 1029 1050 1058 1119 1146 1168
320 6 7 8 18 29 44 47 49 55 58 59 60 82 85 99 128 129 130 132 150 167 170 177 183 187 194 195 196 202 208 210 213 218 272 283 353 415 427 430 453 465 469 470 471 474 475 476 484 485 487 488 489 501 502 504 505 506 510 520 521 522 590 591 594 598 602 618 620 641 644 646 695 722 1152 1261
321 8 11 22 31 32 47 49 63 91 124 147 153 154 176 179 182 189 191 193 194 231 255 269 299 310 314 470 474 496 498 499 504 505 512 590 640 641 642 643 989
322 8 10 21 22 49 55 78 92 97 99 124 141 147 148 153 169 176 177 178 183 196 200 207 212 220 235 243 252 255 265 270 289 290 295 323 329 458 470 499 535 638 699 730 748 749 963 982 1020 1043
323 0 8 13 49 120 122 124 147 245 247 252 255 256 257 265 267 270 272 273 279 282 283 285 286 290 291 295 297 298 304 307 318 319 323 324 327 336 406 407 449 462 466 499 529 586 676 728 734 740 749 809 849 850 856 1003 1060
324 22 49 92 97 98 99 111 124 131 132 134 149 169 172 174 176 177 178 182 183 187 190 194 196 202 266 283 353 404 425 427 429 434 460 465 466 471 473 474 475 483 484 489 493 496 497 501 502 505 508 512 516 518 520 521 591 601 603 634 641 642 643 723 816 933 1113 1161 1308 1383
325 7 21 49 63 78 88 93 96 97 129 133 141 150 169 170 171 175 178 180 182 183 191 192 193 196 199 202 208 223 225 230 262 314 374 382 387 389 395 422 423 424 429 434 435 438 465 470 471 474 475 476 482 484 487 489 501 502 506 510 511 514 516 517 518 521 540 556 558 590 595 600 602 603 620 635 638 642 644 646 662 687 718 818 941
326 0 3 7 8 9 10 13 21 22 31 46 47 54 69 80 85 88 91 92 97 98 99 108 124 126 128 129 130 140 141 147 148 150 151 153 157 165 169 170 171 173 175 177 178 179 185 187 188 189 192 193 194 195 197 198 199 201 206 212 216 225 227 229 231 234 235 243 265 272 282 285 302 310 314 336 340 353 363 377 415 423 428 438 442 455 460 466 469 473 485 488 489 498 505 514 518 524 528 548 572 578 590 621 632 637 638 639 642 646 650 670 672 694 695 696 701 704 739 775 787 788 793 836 842 852 873 892 894 922 931 932 977 1037 1039 1040 1045 1062 1063 1065 1066 1068 1096 1129 1175
327 6 8 9 11 21 27 30 49 54 55 57 63 64 68 69 70 72 76 78 81 88 95 97 99 114 118 124 129 130 141 152 154 158 159 169 173 177 178 180 182 183 184 185 189 196 197 200 202 208 215 220 231 234 238 242 255 262 269 272 278 283 286 288 297 299 310 311 312 313 314 322 324 327 340 343 353 367 401 419 430 434 442 461 465 474 489 501 502 506 510 511 512 514 519 522 539 556 559 572 579 588 601 632 638 642 644 648 670 671 675 678 685 712 715 728 730 736 740 791 912 929 1077 1101 1251
328 11 49 78 97 99 121 124 134 166 171 178 194 195 196 266 269 273 283 292 294 297 299 300 310 329 419 474 503 506 642 835
329 0 7 10 14 20 21 24 27 30 37 43 46 49 50 57 63 65 66 68 69 70 71 72 76 81 87 90 93 94 96 97 98 99 101 102 114 115 118 123 129 130 133 140 145 148 150 158 169 171 174 178 182 190 194 197 199 201 205 207 210 213 222 225 228 232 234 235 249 252 254 272 274 280 281 283 314 353 366 372 381 389 399 401 414 415 418 419 422 427 434 438 442 456 459 461 464 470 476 487 492 539 558 560 565 578 585 590 614 638 647 678 680 685 715 718 725 749 826 841 843 935 938 941 959 963 998 1005 1014 1051
330 6 21 31 46 58 63 68 80 99 121 157 172 177 179 195 218 220 231 235 239 266 274 283 299 301 302 303 410 494 502 668 680 721 793 845 920 930 1066 1238
331 0 4 6 7 8 10 11 21 30 40 49 53 55 63 72 76 78 81 88 94 95 96 97 103 114 115 117 118 119 120 122 124 141 144 145 153 156 169 170 171 178 179 192 201 207 215 219 223 224 225 226 227 229 230 231 234 237 242 249 252 254 255 262 268 270 279 281 285 288 290 291 295 297 299 304 310 318 319 322 323 324 328 329 338 346 350 363 365 381 401 406 407 426 440 441 442 443 447 461 462 536 540 552 556 558 584 586 615 638 642 660 664 665 668 670 671 679 728 732 734 749 797 802 809 814 821 822 856 872 901 946 950 986 998 1012 1057 1119 1146 1175 1199
332 65 87 97 124 150 165 171 183 273 297 311 312 430 474 504 511 725 734
333 6 7 8 9 10 11 18 19 21 22 41 43 46 49 51 55 57 58 78 80 81 82 85 88 90 92 97 98 99 112 113 121 124 126 127 128 131 132 147 148 150 151 157 160 165 166 168 170 171 172 176 178 180 182 184 187 188 190 193 194 197 200 201 204 205 210 218 219 220 225 227 233 234 235 243 245 254 255 265 269 272 273 279 280 282 283 294 299 300 303 308 310 311 312 314 320 329 333 342 383 392 399 404 417 419 420 422 423 424 425 428 453 466 470 472 474 475 479 485 489 496 501 503 505 506 509 512 516 520 522 528 539 548 572 581 590 593 595 615 616 618 621 627 629 639 642 644 650 662 670 693 694 695 739 775 821 836 863 864 873 875 878 882 895 918 933 941 978 980 981 990 1018 1021 1043 1073 1098 1102 1124 1129 1160 1183 1211 1250 1251 1252 1303 1315 1384
334 242 266 268 285 297 302 304 319 329 336 343 878
335 3 14 25 41 48 49 55 66 69 89 102 119 150 151 165 170 183 201 207 213 234 254 270 272 273 281 291 466 581 696 748 751 922 982 987 1017 1018 1027 1044 1083
336 14 49 66 118 122 132 148 219 224 225 227 367 376 388 440 462 506 511 623 728 986 1098
337 51 78 85 99 130 131 132 166 167 171 172 177 186 194 208 209 210 213 266 272 283 298 303 404 422 430 434 453 465 470 471 474 475 479 481 489 502 504 505 507 508 516 572 590 591 594 637 641 650 694 775 918 960 1089
338 0 3 6 8 10 11 21 22 24 27 31 41 44 46 49 52 55 63 64 68 73 78 80 81 85 87 88 90 91 96 97 98 99 121 123 124 127 128 129 130 131 132 133 140 147 148 150 151 153 154 157 160 164 165 167 170 171 172 173 175 176 177 178 179 180 182 183 184 185 187 188 189 193 194 195 196 197 200 202 205 206 208 209 210 219 225 231 235 237 238 245 247 254 266 273 283 290 299 313 323 342 343 353 392 400 422 423 426 428 429 430 431 438 452 460 465 466 469 470 471 474 475 476 479 487 489 494 495 497 499 500 502 506 507 509 512 513 514 516 518 519 521 536 539 572 579 590 594 618 619 623 624 626 627 629 631 636 637 641 642 644 647 648 650 660 662 679 688 695 721 756 758 788 826 836 912 915 987 1009 1075 1078 1116 1195 1199 1303 1386
339 0 14 49 65 70 87 94 140 169 170 171 178 183 193 196 201 202 212 262 271 374 398 413 414 419 430 471 477 488 511 517 578 919 941 1098
340 285 289 296 331 849 853 857 858 864 872 995 1387
341 3 6 7 8 10 11 13 22 31 46 55 57 91 92 94 99 105 111 119 120 121 126 128 129 130 131 140 141 146 149 150 153 166 172 176 179 186 188 189 190 194 201 205 206 209 213 220 234 235 243 248 252 283 285 290 298 315 316 323 363 374 377 404 419 422 428 466 467 473 474 477 478 479 487 490 498 505 508 514 537 548 574 593 641 642 643 644 650 685 732 795 797 800 937 977 982 1041 1093 1276
342 0 2 3 6 7 8 9 10 11 12 19 21 22 27 41 46 49 51 52 55 56 57 62 63 64 68 71 75 78 80 81 82 85 86 87 89 96 97 99 113 121 124 129 131 132 134 140 141 144 147 149 150 151 153 154 160 165 166 171 172 173 174 176 177 183 184 185 186 188 190 191 193 194 195 196 199 200 205 208 211 212 219 220 225 226 228 232 233 234 235 247 249 255 266 272 273 274 280 283 294 299 300 303 313 314 320 330 353 363 383 399 401 404 419 420 422 424 430 440 449 453 454 457 462 465 466 469 474 487 489 490 499 506 512 514 518 521 522 527 571 573 593 601 618 629 641 642 644 650 688 689 694 698 701 710 713 721 730 733 763 770 775 892 894 916 933 935 952 978 1009 1043 1097 1152 1169 1215
343 3 6 7 8 11 13 18 24 44 49 63 78 82 85 86 88 94 95 97 99 108 116 121 124 126 129 134 148 166 169 170 171 172 173 180 187 188 192 193 195 199 200 201 205 207 210 213 219 225 243 245 248 252 266 269 270 272 273 280 282 285 294 295 298 299 300 303 308 311 312 353 363 368 404 428 442 450 454 464 469 470 477 478 485 487 499 500 502 507 520 521 528 558 578 606 615 634 650 680 693 694 695 701 737 873 928 944 977 990 1107 1131
344 3 8 10 11 12 13 14 32 47 49 50 55 57 63 64 68 69 78 80 85 86 87 90 92 97 99 108 114 121 123 128 129 134 140 147 148 167 169 170 171 178 188 193 194 197 201 207 212 213 218 220 231 234 235 236 238 243 245 248 252 255 259 265 266 269 280 281 282 284 292 294 295 298 299 300 302 308 310 311 313 314 363 374 377 378 383 398 401 412 428 434 442 453 460 461 470 476 489 499 509 525 558 572 626 638 642 647 663 670 688 695 701 710 718 725 728 730 748 758 827 928 929 944 952 977 1017 1066 1082 1226
345 1 3 10 11 21 28 30 32 49 53 54 55 63 75 76 78 82 87 88 91 95 96 114 118 124 129 130 131 138 141 144 148 153 156 165 169 171 172 173 174 177 178 179 180 185 192 200 201 207 208 230 234 238 242 262 270 288 297 314 329 354 381 390 419 426 463 487 506 509 511 536 539 540 556 562 644 670 679 728 734 785 856 1100 1179 1185 1207
346 0 3 6 10 16 21 27 30 49 54 55 67 68 75 76 78 81 94 95 96 97 114 115 122 124 129 141 144 153 154 156 160 165 169 171 174 177 178 179 183 184 185 189 192 197 199 200 201 207 212 219 220 223 224 227 230 234 236 237 242 243 246 254 255 265 270 277 279 285 288 290 295 297 324 329 352 353 365 381 399 400 401 406 407 414 419 422 427 430 461 462 463 466 492 535 536 540 558 596 614 642 672 675 678 679 682 707 728 749 811 848 916 931 949 982 1009
347 0 6 14 24 99 104 108 114 115 118 120 123 144 234 242 285 288 291 310 319 366 401 402 405 407 463 467 585 615 671 728 742 801 809 815 897 901 907 946 947 998 1031
348 8 9 14 19 99 273 281 282 407 449 450 466 535 606 805 828
349 0 22 49 88 124 129 130 133 165 169 170 171 173 176 178 182 184 187 190 192 201 207 225 283 320 336 422 424 430 470 471 474 480 506 521 579 590 591 603 641 644 1009
350 255 283 286 289 297 304 307 308 309 310 318 319 322 323 324 328 337 355 529 664 675 734 736 737 740 856 859 865 874 955 959 960 994 1070
351 11 38 49 55 78 85 88 95 97 99 126 141 153 169 171 173 178 179 180 192 213 299 381 558 644 732
352 242 255 269 283 311 312 327 328 329 336 342 736 881
353 6 7 9 13 18 19 44 46 49 51 56 58 59 60 64 82 85 88 92 99 113 121 131 133 140 146 151 162 163 165 167 168 171 172 178 183 187 188 194 196 205 210 218 235 239 243 245 248 255 265 266 267 272 280 282 283 289 294 300 302 303 305 308 340 377 378 383 410 415 419 423 430 454 455 469 470 471 474 476 480 485 488 489 500 502 504 507 518 519 520 522 524 548 572 574 590 591 593 597 618 625 639 644 646 648 651 663 680 691 693 695 696 700 722 726 730 739 775 793 835 859 864 866 873 876 880 895 902 909 929 930 934 977 1009 1084 1102 1152 1196 1342 1375
354 239 257 261 283 285 297 303 304 307 320 324 332 354 356 667 668 675 849 859 1134 1189 1292 1318
355 255 269 285 304 310 311 312 322 324 329 343 675 1236
356 0 9 23 108 114 115 118 120 122 123 144 147 148 217 219 232 234 242 255 267 270 271 272 277 280 281 284 288 291 301 322 330 401 446 462 499 536 584 586 699 728 730 734 801 802 814 841 843 899 901 905 949 998 1017 1222
357 7 58 64 111 129 176 210 218 255 320 353 460 503 548 572 574 626 840 873 975 976 991 1121 1214 1295 1384
358 0 6 49 114 118 178 247 267 270 283 295 310 404 446 463 737 903
359 9 13 22 24 27 44 49 55 63 78 82 99 121 124 131 134 154 162 163 167 178 184 188 190 194 196 202 204 207 220 234 235 239 245 248 254 255 266 272 280 282 283 294 299 301 303 305 330 353 419 462 465 470 474 502 506 511 512 522 572 638 641 648 650 721 730 909 928 935 1009 1107 1113
360 11 13 22 46 49 55 58 59 65 69 78 85 87 96 97 99 126 153 162 163 165 167 170 173 175 176 180 182 187 191 194 200 201 204 209 210 213 225 231 234 235 272 273 280 282 283 315 425 430 457 466 489 493 495 504 505 508 515 516 518 522 590 598 626 639 641 644 646 660 670 678 680 691 693 695 723 725 795 922 1068
361 242 255 285 297 299 309 310 329 343 346 675 856
362 1 3 7 10 11 16 27 38 46 49 54 55 64 65 79 80 88 89 90 92 95 99 101 111 113 114 124 125 134 141 147 148 149 151 158 165 166 168 169 170 171 173 176 178 180 182 185 186 192 193 205 207 219 220 221 224 232 235 245 268 285 290 295 299 304 310 313 332 342 368 376 381 389 401 404 423 424 428 434 435 439 446 464 465 487 502 509 522 539 540 542 568 581 586 590 612 639 644 647 665 671 695 696 732 733 738 756 760 763 772 775 787 791 807 892 919 977 980 982 986 989 1026 1043 1359 1364
363 266 283 285 291 299 321 664 676 921 960
364 0 24 99 121 147 148 219 255 265 266 268 269 272 274 282 285 298 311 312 315 317 336 464 467 581 748 795 872 965 987 1102
365 16 52 55 97 161 181 182 197 198 214 216 285 409 431 434 436 438 439 549 551 563 658 659 662 833 834
366 4 6 16 49 52 55 97 99 161 173 176 180 181 182 197 198 214 215 216 231 243 247 255 265 285 299 320 322 327 329 330 375 402 409 431 434 439 549 551 553 557 652 657 659 746 760 783 892 982
367 6 10 16 49 55 88 99 178 180 181 198 214 289 310 316 375 541 760
368 49 111 163 169 176 178 265 268 312 342 737 738 876 892
369 11 21 49 51 56 63 97 99 104 131 132 133 134 167 169 173 178 180 190 192 196 235 254 262 266 299 419 422 434 471 475 484 502 505 516 590 591 594 595 618 637 646 648 664 816 896
370 0 21 23 30 49 54 63 65 68 72 78 96 97 124 171 173 174 177 180 183 194 199 201 207 231 234 262 353 419 426 434 487 495 514 518 614 642 650 732
371 4 11 22 43 52 55 76 78 97 126 145 156 161 180 182 197 215 216 231 259 261 270 283 285 289 296 321 322 323 328 329 431 433 434 437 438 439 443 537 549 551 564 571 584 615 622 624 659 661 664 682 825 849 851 852 1057 1074 1170
372 1 3 11 14 21 23 24 47 49 57 63 65 67 68 69 70 78 82 87 88 89 94 95 98 101 111 114 122 128 133 147 148 150 151 152 158 160 162 163 165 166 167 169 170 171 175 178 181 183 186 187 188 191 192 193 201 203 205 206 207 208 210 211 212 213 222 225 226 227 235 238 256 262 266 272 275 287 313 314 324 353 362 374 378 388 389 397 398 400 414 416 417 422 426 427 430 442 450 456 476 478 485 487 490 497 505 511 518 520 543 556 558 590 612 614 620 632 635 636 638 642 645 647 670 680 685 691 693 695 710 713 715 721 732 733 734 763 914 919 922 1009 1036 1048 1075 1084 1111
373 0 1 4 10 11 24 26 27 30 37 38 47 53 55 63 68 69 70 76 78 81 86 94 95 96 97 99 114 115 118 122 124 126 132 141 145 147 150 156 158 161 171 173 179 180 182 183 189 190 194 197 201 207 213 215 219 220 223 224 225 226 227 231 234 236 238 262 271 273 276 279 289 307 318 381 389 401 408 434 440 441 445 449 456 457 458 459 462 495 512 517 518 536 540 542 558 571 581 586 624 638 652 670 671 678 679 718 721 728 748 756 772 797 802 806 825 849 857 897 935 946 947 980 981 1003 1012 1016 1021 1060 1066 1099 1152 1155 1168
374 4 76 173 180 182 230 231 285 297 299 352 434 516 556 563 590 670
375 10 13 97 99 108 151 178 194 195 220 266 272 353 422 505 590 693
376 6 55 97 151 161 165 170 191 197 255 268 269 285 291 310 312 350 434 499 734
377 0 6 7 8 11 13 14 21 24 27 30 41 46 47 49 51 53 54 55 57 58 61 63 69 70 76 78 81 82 85 86 87 88 94 95 96 97 98 99 115 118 123 129 130 140 141 145 150 152 158 159 161 164 169 170 171 172 173 178 179 180 188 190 191 193 200 201 204 207 210 212 213 220 231 232 234 238 249 252 254 255 262 266 269 270 272 273 274 279 280 282 283 286 297 299 301 310 313 314 352 377 378 381 383 392 397 398 399 400 415 416 419 427 428 430 431 434 438 442 449 459 460 470 473 476 491 492 499 500 518 519 522 533 534 549 558 572 578 581 585 593 616 618 619 638 642 647 672 678 679 685 688 694 695 701 713 715 718 721 722 725 728 754 775 788 873 894 912 941 944 1033 1099 1111 1249 1389
378 0 3 6 7 8 11 22 27 46 49 51 55 63 68 78 81 82 87 88 93 95 97 99 113 121 124 128 130 132 134 138 140 141 148 149 150 154 160 161 165 169 170 171 172 173 174 175 176 178 180 182 183 184 188 189 190 191 193 194 196 197 199 200 201 202 205 207 208 213 224 227 231 235 236 248 254 262 281 282 283 307 313 327 353 368 377 387 389 399 410 413 415 422 423 428 430 434 438 439 442 452 465 471 487 493 495 502 507 508 511 513 514 515 517 519 520 521 544 556 558 566 567 590 608 609 618 631 636 638 641 642 646 670 672 687 691 693 695 696 715 718 721 722 823 824 835 1078
379 0 11 21 27 49 58 59 60 68 70 78 85 88 94 97 99 129 148 165 167 171 180 182 187 191 193 197 255 269 283 299 303 310 311 314 353 420 422 453 454 456 465 470 471 474 487 489 506 518 521 572 577 618 641 650 695 718 722 736 739 826 929 1035 1066 1078 1081 1331
380 0 12 13 15 19 29 49 82 88 94 95 96 98 99 121 126 129 130 131 132 147 148 172 173 175 188 193 209 213 225 265 280 301 314 374 415 427 434 450 453 464 470 471 474 476 478 484 486 489 492 500 503 505 508 511 516 517 520 572 594 618 627 634 639 643 644 679 680 691 728 763 828 874 904 965 988 1030 1063 1080 1082 1084 1300 1390
381 8 22 55 58 99 148 165 174 177 194 232 287 353 465 472 473 498 502 522 987 1186 1216 1391
382 8 13 18 57 80 85 99 121 129 131 132 134 163 177 179 182 185 190 194 197 200 202 210 234 235 265 282 283 299 311 312 317 336 353 420 422 430 455 465 469 470 471 474 475 479 487 495 496 504 505 508 590 591 626 628 641 644 647 650 722 1033
383 255 268 269 283 297 299 310 312 323 324 329 343 351 675 734 737 855 856 959
384 7 17 22 29 31 36 45 46 47 55 57 88 97 99 111 124 125 128 129 131 150 153 157 166 170 172 174 177 179 182 184 186 189 194 198 204 206 218 232 235 237 253 259 282 302 321 333 336 353 363 404 422 424 425 428 446 452 465 470 471 474 475 476 479 480 488 491 495 502 503 505 513 514 515 516 519 520 524 590 591 593 603 637 639 640 641 643 644 646 648 650 662 679 731 793 832 835 842 873 876 892 895 918 927 933 937 978 991 1036 1039 1040 1041 1062 1086 1094 1108 1117 1120 1121 1204 1269 1275 1317 1331 1336 1339 1368 1374 1384 1392 1393
385 23 49 114 124 219 319 401 506 671 821 986
386 0 1 6 7 9 11 12 19 21 23 27 31 41 46 47 49 51 52 55 57 67 78 81 82 88 90 91 92 95 97 98 99 100 106 110 111 124 126 132 150 153 165 166 169 170 171 172 176 177 178 179 180 184 185 186 187 188 189 190 192 195 196 197 200 202 203 206 207 208 211 219 220 221 224 225 235 245 247 255 262 270 274 290 313 316 320 353 377 404 410 423 427 429 431 435 438 446 452 454 464 465 492 499 504 506 509 511 517 519 521 537 539 548 570 571 573 590 628 629 646 650 665 679 701 704 713 758 759 772 825 826 834 836 892 915 916 925 977 978 982 989 1093 1094 1108 1145 1157 1195 1394
387 0 4 52 97 114 118 144 181 197 215 216 234 255 263 285 291 295 297 298 299 304 307 310 322 324 329 549 559 581 585 615 659 664 666 668 676 728 798 826 872
388 0 3 7 22 27 41 46 49 55 57 58 63 64 68 70 78 81 86 97 98 99 121 124 129 130 131 133 148 149 157 165 169 171 173 175 176 178 179 182 184 188 191 194 196 199 201 202 205 206 208 231 235 271 272 280 282 298 299 342 363 367 374 400 407 410 412 414 419 422 424 425 430 462 465 466 468 469 470 471 472 473 474 475 476 477 478 479 480 482 483 484 485 487 488 489 490 492 493 495 497 498 500 505 508 509 510 515 516 522 548 574 578 589 590 591 592 597 599 600 602 603 605 618 629 636 641 643 644 648 650 651 658 670 679 685 691 695 718 722 763 775 816 817 826 828 896 918 927 928 937 941 977 1020 1063 1086 1111 1161 1162 1231 1240 1333
389 0 8 99 121 123 178 255 272 283 297 299 301 315 324 506 699 726 728 740 959 960
390 8 11 14 21 22 25 46 47 49 55 57 58 59 60 63 68 96 97 99 124 129 130 131 165 170 171 174 177 179 183 184 191 194 197 200 202 206 210 212 231 234 235 279 283 298 314 330 353 422 430 449 451 453 465 470 471 473 481 489 495 498 501 502 521 535 581 590 591 615 633 635 638 639 646 648 691 935 1066
391 7 10 22 49 57 58 97 98 111 124 126 131 162 163 166 167 169 171 175 176 177 178 186 188 194 196 206 243 245 254 265 266 267 269 273 285 286 290 291 294 299 300 301 307 309 310 312 315 317 321 329 336 340 341 342 343 473 479 482 483 484 501 502 504 506 508 519 525 579 591 602 619 637 644 650 691 818 828 849 857 977 982 1107 1108 1183
392 1 3 6 8 11 21 26 27 28 30 37 40 41 48 49 50 53 54 61 63 67 68 71 72 78 81 82 86 93 94 95 96 114 115 118 120 122 123 133 136 139 140 144 145 158 165 169 170 178 181 186 191 193 200 201 207 212 219 220 224 234 236 238 240 245 247 252 254 255 256 262 267 269 271 272 275 277 278 279 288 291 295 300 301 307 310 311 312 313 318 324 328 329 338 343 350 362 369 372 374 381 382 388 390 394 395 401 405 406 411 415 450 454 456 461 462 470 471 474 485 487 488 491 544 558 559 562 567 568 578 581 585 600 607 609 612 614 615 617 638 646 669 670 672 676 682 691 696 715 718 728 733 742 747 749 755 760 761 765 766 771 773 777 790 792 797 807 814 817 821 823 826 895 897 899 912 914 917 926 949 969 971 986 1014 1019 1025 1028 1033 1128 1138 1139 1176 1202 1306 1329 1344 1389
393 0 3 6 11 21 23 27 32 37 38 41 49 55 61 62 66 67 68 71 78 81 83 88 90 95 96 97 100 106 114 115 118 120 129 141 148 153 158 161 165 169 170 171 173 176 178 180 183 192 199 201 205 207 214 215 219 224 225 229 235 247 254 262 285 291 376 381 387 389 398 399 407 412 414 415 419 426 428 446 487 499 531 536 539 540 544 549 551 558 614 638 642 701 725 728 757 759 901 951 1358
394 0 49 63 88 96 97 99 124 151 160 169 171 178 183 193 207 212 228 234 254 255 283 314 324 334 338 339 361 374 419 506 619 736 897
395 0 8 103 114 115 118 145 219 234 268 271 279 288 318 319 324 329 462 463 536 586 728 946 957 995
396 6 7 11 21 22 49 55 57 94 99 105 106 124 131 132 153 168 169 171 174 175 178 179 180 183 189 194 196 207 218 220 265 270 283 285 295 299 310 314 334 341 353 419 430 465 466 470 471 474 475 483 489 495 504 513 520 578 581 598 602 628 644 679 691 833 835 873 988
397 0 14 24 27 49 55 57 63 65 68 69 70 78 81 84 86 87 94 95 96 114 121 123 124 129 141 149 150 159 169 170 171 173 175 178 179 180 182 183 188 191 193 194 196 200 201 202 205 208 213 225 231 273 353 389 395 399 419 422 424 425 430 465 469 470 471 473 474 475 476 482 484 486 487 489 501 505 510 511 512 514 578 589 590 591 597 620 635 641 642 678 691 718 721 818 941 1084 1091 1332
398 0 10 14 23 52 53 56 71 90 93 96 97 111 137 140 144 145 179 183 185 193 200 211 215 232 238 286 292 298 299 314 324 360 389 446 450 461 466 539 556 578 609 713 724 728 732 733 758 764 802 897 1044 1102 1104 1174 1295
399 255 266 283 285 297 298 301 310 317 339 735 872
400 24 43 64 69 82 87 96 98 99 108 130 140 141 159 171 182 188 191 193 194 195 199 200 201 207 208 213 272 273 275 311 312 314 324 352 353 361 423 430 453 462 473 474 476 477 484 498 500 506 510 518 519 528 543 572 590 591 597 617 619 625 638 670 710 721 979
401 0 6 8 11 14 18 24 41 47 49 95 99 108 115 121 123 124 132 134 148 165 178 179 201 219 231 234 252 254 255 270 272 273 283 404 462 470 471 474 501 502 506 520 581 682 1066
402 0 6 49 99 108 114 115 118 124 126 144 145 148 178 219 232 234 255 273 279 285 288 401 462 463 468 506 671 734 826 841 843 898
403 65 255 256 266 267 269 291 297 299 304 307 310 324 328 664 669 676 725 734 911
404 3 4 7 10 11 21 22 27 28 37 46 49 55 63 65 66 68 72 78 81 84 89 93 97 98 124 129 132 140 169 170 171 178 182 183 184 188 189 190 192 194 199 201 205 207 211 212 215 216 229 231 235 285 299 310 313 314 343 352 353 372 374 384 388 389 393 399 400 414 415 416 419 422 424 428 434 436 438 439 442 443 458 471 512 518 549 558 561 565 576 611 638 642 645 646 660 678 696 714 715 718 721 722 766 775 823 912 922 927 1011 1014 1023 1033 1175 1402
405 0 4 6 7 8 10 11 13 14 22 29 31 38 41 46 47 49 51 52 55 56 57 63 68 85 88 91 92 94 95 96 97 98 99 112 114 118 120 121 124 126 129 130 131 132 133 147 151 153 161 169 171 172 173 176 177 178 179 180 182 185 187 188 190 191 192 194 196 200 201 207 208 214 231 232 237 273 282 313 314 353 363 368 378 389 400 406 407 414 416 417 422 423 424 425 427 429 430 431 434 438 453 454 457 460 465 467 469 470 471 473 474 479 483 487 489 490 492 495 496 497 498 499 502 504 510 511 515 517 518 519 534 572 578 579 592 594 595 599 611 618 619 620 621 625 626 628 632 634 641 644 648 650 658 661 662 685 687 691 695 699 701 718 731 758 788 795 807 894 897 915 934 978 980 991 1066 1074 1111 1129 1152
406 0 1 3 7 27 44 49 55 67 68 69 71 72 84 88 90 93 96 97 98 99 118 129 131 140 144 148 149 150 151 159 165 166 169 170 171 172 173 174 177 179 180 181 182 183 186 188 191 192 193 194 197 198 199 200 202 205 206 207 208 211 213 214 215 216 219 220 225 227 232 235 236 245 247 252 254 255 283 285 288 310 311 312 341 353 381 399 404 414 419 422 427 428 439 469 470 474 475 482 487 489 499 501 505 510 516 551 578 590 642 643 644 646 691 696 701 715 718 723 732 941 963 1083
407 239 267 269 285 291 299 307 310 311 315 320 323 354 737 1238
408 5 8 11 13 22 29 44 49 57 58 59 60 64 78 88 96 97 99 113 124 130 131 132 133 150 151 159 162 163 165 167 168 169 171 172 175 176 177 178 183 188 189 192 196 200 201 203 206 207 208 210 211 213 220 272 273 280 282 283 300 314 321 353 378 422 423 424 425 428 457 465 466 469 470 471 473 474 475 480 484 487 489 496 502 505 507 514 518 519 520 521 590 591 593 594 595 602 605 620 634 646 648 650 651 670 694 695 719 834 835 896 965 990 991 1020 1040 1043 1135 1152 1277 1331 1376 1384 1394 1396 1404 1411
409 266 283 310 311 312 676 850 881
410 0 3 8 21 27 37 49 55 72 78 165 169 171 178 183 191 193 199 205 206 207 255 262 314 401 442 476 518 556 558 590 638 642 695 718 756
411 0 6 22 27 55 63 69 95 111 114 132 147 166 169 171 172 179 183 190 192 205 208 273 285 314 336 353 404 422 426 431 471 499 517 621 638 670 710 912
412 8 13 14 49 99 121 178 219 233 234 254 255 266 267 268 272 273 280 281 283 286 294 297 300 303 462 499 506 676 909
413 10 255 267 269 285 297 299 307 310 320 336 342 428 676 863 872
414 55 133 151 171 177 192 201 255 266 318 324 427 470 471 474 522 734 740 1384
415 0 1 3 6 7 8 10 11 12 13 14 21 23 24 26 27 30 43 48 49 50 53 55 57 63 64 65 66 68 69 70 76 78 80 81 82 86 89 92 95 96 97 98 99 104 108 114 118 120 121 122 123 124 129 131 133 137 139 140 141 144 145 147 150 151 152 153 154 158 161 165 169 170 171 173 175 178 179 180 181 182 184 188 191 192 193 194 196 197 199 201 206 207 208 210 212 213 214 216 217 220 223 227 229 231 235 236 238 239 243 245 247 248 249 252 255 262 265 266 269 270 271 272 274 278 279 280 281 283 284 285 288 290 291 292 294 295 297 298 299 300 301 307 310 313 314 315 322 323 324 327 328 329 335 341 342 343 350 352 353 362 363 374 381 388 389 395 398 399 401 411 412 414 415 417 419 420 422 426 428 434 438 442 453 454 459 460 461 462 463 467 468 470 471 482 487 489 491 492 497 500 501 506 511 517 522 526 529 539 540 543 554 558 566 568 578 581 590 594 601 606 607 612 614 615 620 638 639 642 644 645 646 647 649 663 670 672 675 676 678 685 693 694 696 698 699 706 709 710 713 715 718 721 725 728 732 733 734 736 740 741 747 749 751 756 761 766 773 775 777 789 794 797 803 809 821 823 826 843 850 872 874 888 890 891 897 902 909 915 928 931 938 944 952 977 981 982 986 990 1023 1028 1044 1084 1098 1101 1111 1115 1122 1127 1147 1174 1178 1210 1212 1231 1299 1315 1371 1379 1395 1412
416 0 2 4 10 11 14 16 41 54 55 63 64 66 69 71 79 80 81 82 88 94 96 97 98 114 115 122 124 128 129 131 144 148 150 151 154 156 160 165 170 173 176 177 179 180 181 183 185 187 188 192 193 195 197 198 199 200 204 206 208 211 214 220 228 231 235 242 243 245 247 255 265 283 287 290 291 322 353 361 380 381 389 391 398 399 414 415 416 417 419 420 426 428 435 442 456 465 466 474 475 489 497 504 506 509 528 549 552 612 625 627 629 638 642 678 696 709 711 713 718 732 734 760 763 765 775 779 797 807 917 919 935 970 984 993 1017 1053 1100 1119 1141
417 255 266 301 329 872 875
418 0 49 68 78 99 131 170 171 178 188 194 220 254 266 272 283 297 303 469 479 505 591 602 604 691 1333
419 13 85 99 113 121 124 134 176 187 248 272 280 282 283 299 315 404 466 475 504 537 590 736 739 835
420 11 49 55 78 81 88 95 97 99 114 121 124 126 141 153 161 169 171 173 179 180 182 184 191 215 231 235 299 329 422 434 457 465 489 507 516 590 644 661 695 856 888
421 49 52 92 97 99 123 124 126 134 148 178 181 182 197 198 215 216 219 231 234 247 254 255 264 270 272 273 283 304 320 329 330 392 406 438 439 466 468 506 548 652 658 834 892 895 977 987 1145
422 8 14 99 124 234 242 255 269 273 279 283 289 290 299 301 310 311 312 322 336 340 499 581 607 615 675 676 730 736 740 864 874 897 1099 1213
423 8 13 14 99 124 240 272 283 286 289 291 301 319 329 422 529 726 821 960 1051 1267
424 3 11 16 32 38 49 52 54 55 61 63 67 78 88 91 95 97 99 118 124 141 153 165 169 177 178 181 192 197 201 219 224 225 227 247 266 268 269 270 285 290 295 298 299 304 312 323 330 336 342 343 353 354 399 424 465 466 520 540 623 729 833 834 872 916 1320
425 22 49 97 98 99 129 130 131 133 175 188 191 193 194 196 202 205 208 314 328 422 424 465 469 471 472 473 474 475 479 480 481 482 483 484 495 496 501 502 510 515 516 517 590 592 593 594 595 597 601 603 620 628 638 640 641 642 644 646 648 650 658 660 691 829 990 1034 1081 1162 1333
426 242 255 260 265 283 286 297 299 300 301 324 327 328 337 355 666 667 668 674 851 858 910 911 959 960 1213 1238
427 239 240 242 256 265 266 269 285 286 291 297 298 299 304 307 309 310 311 318 327 328 330 334 336 343 346 348 529 676 735 736 737 740 852 854 856 863 869 871 873 883 994 1251
428 3 10 11 14 21 22 24 31 41 46 49 51 54 55 57 63 68 69 78 81 82 84 85 88 89 91 92 95 96 97 99 100 111 114 120 121 124 126 131 133 134 141 147 148 150 153 154 159 160 161 162 163 165 167 169 170 171 174 175 177 178 179 180 181 182 183 185 187 188 190 191 192 193 194 196 199 200 201 204 205 206 207 208 213 216 219 220 229 231 235 245 246 254 255 262 270 272 273 274 288 290 295 314 336 353 383 399 400 406 408 415 419 422 423 425 426 427 430 431 434 453 458 460 461 466 470 471 474 475 484 487 489 490 496 497 498 499 502 518 519 520 521 522 528 539 560 574 589 590 598 618 629 638 639 641 650 665 670 679 688 691 695 696 718 721 723 728 730 748 749 772 826 909 912 939 944 981 986 990 1009 1066 1083 1101 1161 1243
429 9 11 18 49 55 63 97 99 121 124 126 148 162 165 178 218 219 231 234 255 270 283 285 294 299 300 314 324 431 505 506 514 518 519 643 661 1268 1280
430 242 283 291 297 300 318 324 734
431 14 49 108 114 115 118 147 148 178 219 234 243 245 246 252 254 273 279 281 285 290 291 297 310 311 401 406 466 499 607 615 664 728 749 825 826 982 1017
432 11 49 58 59 134 170 171 191 243 266 273 283 299 300 430 498 644 734 975
433 0 108 115 118 122 148 217 222 234 271 284 285 365 407 468 536 749 797 814 901 946 947 1061 1115 1155
434 0 1 3 6 8 9 10 11 20 21 22 23 24 30 44 48 49 51 53 54 55 63 66 67 68 71 78 81 82 84 85 88 89 90 95 97 106 112 124 133 141 149 151 153 154 156 157 165 166 168 169 170 171 172 173 174 176 178 179 180 181 182 183 184 185 187 188 191 192 193 196 197 198 199 200 203 205 207 208 211 214 216 223 224 225 231 232 236 243 246 247 254 255 265 268 270 285 288 291 295 296 304 314 327 339 353 354 377 381 382 390 399 401 406 416 425 428 431 442 453 487 511 518 532 536 552 556 568 578 585 596 615 623 624 627 639 646 670 683 695 696 699 707 718 728 732 734 737 748 749 763 770 773 775 783 815 892 986 1009 1014 1039 1068 1195 1216 1300
435 10 22 46 49 64 65 71 72 82 94 95 97 101 108 122 124 141 154 156 158 179 184 201 212 213 214 215 216 223 270 273 284 285 310 323 336 343 344 363 377 388 407 419 420 428 430 445 459 461 494 495 497 498 528 540 549 558 584 615 629 636 642 645 647 679 696 701 725 728 732 733 747 748 749 771 777 803 826 836 846 872 898 901 914 946 998 1023 1028 1084 1100 1344
436 7 11 12 13 14 22 29 46 49 55 57 64 76 78 82 85 93 94 97 98 99 121 128 129 130 131 132 134 140 148 149 150 151 159 162 163 167 169 170 171 176 177 178 182 188 193 194 197 199 201 204 205 208 210 211 213 218 231 234 235 236 246 272 273 289 314 315 374 377 397 400 411 413 415 417 419 420 423 431 434 438 442 453 454 464 467 469 470 471 473 474 475 476 487 488 490 492 498 502 503 505 508 512 572 590 593 594 601 638 639 641 642 644 645 647 650 678 683 685 691 694 695 696 702 718 722 732 733 734 739 766 777 823 824 933 941 977 1006 1033 1045 1078 1086 1099 1107 1112 1116 1123 1164 1169 1215 1415
437 0 8 14 49 99 115 118 145 178 217 234 242 249 252 254 266 277 278 279 297 298 317 462 606 797 826 843
438 6 13 92 144 234 239 243 254 265 273 282 297 401 581 1018 1260 1416
439 56 69 85 168 195 210 239 242 255 268 269 280 301 309 310 320 325 346 357 453 676 722 736 860 863 880 894 896 910 943 1008 1043 1070 1149 1152 1213 1372 1409
440 0 6 8 114 118 291 310 334 338 737
441 6 10 11 16 40 41 55 63 88 91 95 97 126 141 147 151 153 165 169 171 173 174 178 179 183 192 206 225 231 265 270 273 285 314 399 406 428 461 615 622 623 681 696 916 1063 1129
442 255 268 283 291 306 310 323 329 336 339 734
443 8 49 99 242 248 269 272 297 303 310 324 506 737 882 885
444 27 55 78 95 148 171 206 336 342 401 466 931 1094 1108 1409
445 242 266 267 289 317 864
446 6 10 11 12 21 24 27 30 49 54 55 67 68 82 84 88 90 95 97 99 114 115 118 129 130 132 141 144 145 147 150 154 171 173 177 178 180 201 203 206 208 215 220 225 230 231 234 245 255 262 273 279 281 285 287 290 291 295 297 430 460 461 462 474 475 489 526 535 572 581 629 723 746 925 935 979 1107 1252 1258
447 255 259 266 267 268 289 299 300 302 315 317 336 340 341 356 736 873 878 992 1032 1417
448 8 14 58 59 60 69 85 99 124 134 167 168 176 195 209 221 241 245 266 270 273 282 283 290 377 450 453 466 506 548 583 626 627 688 739 909 943 975 976 979 980 981 1043 1107 1152 1153 1275 1279 1303
449 0 1 2 6 9 10 11 21 22 25 27 32 37 38 42 48 49 50 53 55 58 60 62 63 65 68 69 76 78 80 82 85 86 87 88 89 90 91 93 95 96 97 98 99 100 101 107 108 111 114 122 123 124 128 129 130 133 136 139 140 141 148 149 150 152 158 159 160 161 163 164 165 166 167 169 170 171 173 174 175 176 177 178 179 180 182 184 187 188 189 190 191 192 193 194 196 199 200 201 202 204 205 208 210 212 213 215 217 218 222 223 225 226 227 229 234 235 236 238 255 262 266 267 269 271 272 275 277 278 279 281 283 284 287 289 291 297 298 299 301 302 304 307 308 309 310 311 312 314 318 324 328 336 343 350 352 353 368 374 376 381 382 383 385 388 389 395 398 399 401 412 413 414 415 417 419 422 423 425 426 427 430 434 439 442 446 453 456 458 459 460 461 462 463 465 467 468 469 470 471 472 473 476 478 479 480 481 483 484 486 487 488 490 491 492 493 494 495 496 497 498 500 501 502 505 507 509 510 511 512 514 517 518 519 536 540 547 551 556 558 560 572 573 574 578 581 586 589 590 591 593 594 595 596 597 598 599 600 601 603 605 607 609 615 616 618 619 620 624 629 634 635 637 638 641 642 644 646 647 649 650 671 672 678 682 685 688 691 693 694 700 702 703 708 710 713 715 721 722 725 728 733 734 735 737 747 760 761 762 766 775 777 784 789 794 818 823 826 828 842 843 846 876 878 880 881 894 896 899 909 912 915 924 929 937 938 939 940 941 990 998 1009 1011 1014 1017 1020 1031 1058 1072 1080 1084 1091 1100 1111 1115 1116 1122 1131 1150 1170 1177 1178 1183 1201 1209 1211 1217 1239 1245 1249 1300 1313 1314 1321 1327 1329 1381
450 240 255 256 257 267 285 291 297 298 304 318 319 320 322 323 324 325 327 328 329 331 332 664 668 676 734 850 851 853 854 856 858 863 910 911 955 1213
451 6 7 14 21 26 44 47 49 63 65 68 69 75 78 85 88 96 97 99 118 121 124 133 150 151 153 158 160 161 165 167 168 169 170 171 176 177 178 180 182 185 188 191 192 193 194 196 204 207 210 220 240 266 272 283 314 381 400 414 415 419 422 434 452 453 456 463 470 471 472 473 474 479 481 482 483 485 486 487 489 500 501 504 506 509 517 519 522 586 590 594 596 623 635 646 647 648 670 775 787 807 836 840 897 918 920 943 1162 1316
452 2 3 6 10 11 16 21 23 24 32 41 47 49 54 55 66 67 68 93 97 99 114 141 153 154 165 169 171 178 181 183 185 193 199 201 207 220 234 235 243 245 255 265 269 270 273 279 285 295 314 350 353 399 406 417 419 462 466 487 499 500 506 638 679 683 707 736 749 773 931 935 986
453 7 21 27 47 49 57 63 65 68 69 76 78 81 86 87 95 96 99 115 118 121 130 140 141 158 166 171 188 192 194 201 207 212 234 247 252 254 255 256 267 269 276 290 297 299 307 310 311 312 313 314 322 363 415 419 422 442 465 470 471 476 478 487 511 517 518 519 556 558 590 638 648 678 718 734 737 856 1033
454 0 1 6 7 8 21 27 30 49 55 56 63 68 76 78 81 94 95 96 97 99 115 118 121 123 124 132 144 158 161 169 170 171 178 180 188 190 193 194 197 201 210 214 220 225 231 238 254 255 262 266 267 272 273 274 283 290 295 297 310 339 368 398 419 423 430 438 440 454 462 466 495 499 502 506 509 514 539 540 558 574 581 615 634 647 649 680 733 763 912 915 1122 1126 1155
455 2 12 13 21 22 31 32 41 49 52 55 56 58 59 60 67 68 91 94 96 122 124 132 147 165 167 169 171 174 176 177 182 183 184 185 193 194 197 205 208 211 213 215 235 265 286 320 342 353 406 415 422 426 427 428 434 452 465 466 470 471 474 475 476 481 489 496 497 499 514 536 570 572 590 595 627 647 649 683 694 707 733 749 758 841 892 895 916 925 928 931 935 978 979 980 987 989 990 1029 1050 1072 1094 1099 1127 1156 1215 1257 1260 1352 1400 1418
456 0 3 6 7 8 10 11 13 14 19 21 24 26 27 30 43 44 46 47 49 50 51 52 53 55 56 57 58 63 64 65 68 69 76 78 81 82 87 88 90 95 96 99 111 114 115 118 122 124 129 130 131 132 134 140 141 144 145 148 151 152 153 154 157 158 159 161 165 166 169 170 171 172 173 176 177 178 179 180 182 183 187 188 189 190 191 192 193 194 197 199 200 201 205 206 207 211 212 213 215 216 219 220 222 224 225 226 227 228 229 231 234 235 236 245 249 255 262 272 273 279 282 284 285 301 314 352 353 362 363 367 368 374 376 381 398 399 401 406 413 419 420 423 428 431 434 439 441 442 446 453 460 461 462 463 464 465 474 476 491 498 500 518 519 520 522 539 543 544 549 556 558 572 574 578 615 616 618 619 623 627 638 642 645 647 651 660 665 678 685 690 694 695 708 713 715 718 725 728 733 741 756 775 807 822 826 929 931 952 982 1009 1084 1127 1168 1178
457 0 6 7 8 11 12 13 19 22 31 47 51 55 57 63 75 78 82 85 95 98 99 113 114 121 123 124 126 131 134 140 141 149 166 175 176 177 179 180 184 186 187 188 189 190 192 196 200 201 205 206 231 234 235 270 272 273 280 281 282 283 284 290 295 299 301 304 313 314 315 342 383 401 404 422 425 428 430 451 452 458 460 464 465 466 474 475 490 500 504 505 506 508 510 512 517 521 522 578 579 585 590 618 619 631 635 641 650 680 695 722 728 730 736 739 775 825 873 912 929 941 952 1009 1018 1037 1040 1066 1074 1209
458 0 6 7 14 21 49 97 102 114 118 122 124 145 161 169 171 178 219 227 247 249 252 254 256 261 268 271 272 275 283 286 288 291 297 304 318 353 463 464 514 606 664 682 728 734 797 827 841 843 850 856 899 905 959 986 1008 1148
459 13 18 19 99 121 124 134 143 146 218 221 239 245 270 273 282 283 286 290 299 303 304 308 309 310 323 506 663 981 1037 1107
460 255 282 301 310 323 343 976
461 10 21 99 133 178 234 269 285 286 289 297 307 310 317 318 322 324 328 642 668 843 850 872
462 6 14 15 18 19 92 99 113 121 122 123 124 148 218 234 241 243 247 250 254 255 265 266 272 280 282 283 298 299 303 308 310 464 499 535 581 676 726 737 795 857 864 1080 1124 1155 1229 1282
463 11 15 49 113 124 173 191 245 252 254 255 256 261 266 267 285 286 289 290 291 292 295 296 297 298 299 304 317 322 328 329 470 473 501 506 511 691 695 734 856 1183
464 0 6 7 11 49 55 63 86 97 111 124 129 131 133 140 166 172 187 188 191 199 254 255 272 283 353 404 468 469 472 502 504 578 590 691 826 835
465 6 16 21 23 32 49 54 55 91 95 114 141 169 171 173 178 179 181 192 207 223 229 238 255 257 270 285 289 299 303 310 311 324 327 329 340 346 381 509 536 670 859 875 878 883 884 965 1135 1420
466 0 6 9 23 49 92 99 105 106 121 124 147 243 254 265 266 270 273 290 295 299 323 466 986 1029 1107 1183
467 0 3 7 8 11 12 14 18 21 22 24 41 46 49 54 55 57 63 68 70 81 88 90 94 95 96 97 99 108 113 118 121 124 129 132 134 140 141 147 150 154 167 169 170 171 175 177 179 188 189 192 197 201 206 211 213 215 219 234 243 245 248 254 255 272 280 282 283 290 294 314 353 363 419 422 423 427 430 452 453 460 466 489 498 499 522 574 590 599 634 642 649 678 710 758 836 928 935 978 982 1040 1099
468 9 63 64 131 133 149 150 165 170 191 196 212 235 283 303 465 474 475 478 481 486 490 498 501 502 504 511 521 572 590 592 594 597 598 628 641 643 691 835 896 1404
469 8 12 18 49 92 99 115 122 147 218 254 255 273 274 280 281 283 285 290 302 449 462 466 499 536 728 806 1037 1099
470 0 7 81 93 94 137 169 222 389 418 456 468 855 905 1176
471 0 1 2 6 10 11 21 23 26 27 28 32 37 40 42 48 49 50 55 61 62 63 65 66 67 68 71 72 78 81 89 90 93 95 99 100 106 115 117 118 120 122 129 132 138 140 158 165 169 170 171 172 173 174 178 180 182 183 188 190 192 193 197 199 201 205 207 211 212 213 214 215 219 223 224 225 226 227 228 229 230 231 232 236 237 247 249 251 252 254 255 257 262 268 285 291 310 314 319 334 339 354 358 361 362 363 366 369 371 374 376 381 382 388 396 397 398 399 401 407 413 415 417 419 421 426 427 434 440 446 463 464 466 468 487 532 536 540 542 544 549 551 552 556 557 558 559 566 568 571 586 590 596 612 620 638 642 645 647 652 659 664 668 675 701 706 725 728 729 732 733 734 737 741 742 746 749 754 757 765 779 792 807 812 843 867 872 889 901 903 913 972 981 984 999 1005 1006 1017 1023 1028 1044 1048 1057 1058 1061 1075 1084 1104 1172 1185 1194 1201 1345
472 8 13 24 113 121 124 126 134 147 243 254 265 270 272 273 282 290 299 300 466 977 1094 1107 1108
473 3 6 7 8 10 11 12 13 14 21 22 24 25 27 30 41 44 46 47 49 51 54 55 57 63 65 68 69 70 75 76 78 85 86 87 88 91 95 96 97 98 99 108 113 114 118 121 123 124 128 129 131 132 133 134 138 140 147 158 167 168 169 170 171 172 173 175 176 177 178 179 180 182 183 184 185 188 189 190 191 192 193 194 196 200 201 202 204 206 207 208 209 210 212 213 215 219 224 231 234 235 241 245 249 252 255 262 273 279 281 282 283 288 290 299 310 311 312 313 314 318 342 352 353 374 376 377 381 401 410 412 415 419 422 426 429 430 439 452 453 454 458 459 460 465 466 469 470 471 472 474 475 476 477 478 480 481 482 483 484 486 487 488 489 490 494 495 496 497 498 500 501 502 504 505 506 508 509 510 511 512 514 516 517 518 519 520 521 539 556 572 574 588 590 591 594 595 596 598 601 602 603 605 615 620 628 629 633 634 635 636 637 638 639 640 641 642 644 646 647 648 650 651 670 678 683 685 693 694 695 715 721 723 772 775 829 896 897 912 916 918 929 935 938 943 979 981 1015 1020 1033 1088 1089 1131 1158 1178 1313
474 49 69 99 124 266 303 311 312 323 343 377 878
475 3 25 32 41 55 66 71 72 87 165 170 172 183 191 198 199 201 205 206 207 208 213 236 265 285 297 324 339 380 389 425 428 635 642 696 701 720 751 766 773 775 1044
476 14 19 24 35 48 65 87 89 108 234 252 271 272 277 279 286 291 365 442 536 543 695 708 710 717 718 725 742 763 766 777 797 1011 1021
477 0 10 11 14 25 41 47 63 64 78 80 92 97 99 121 134 140 141 147 148 165 175 179 185 192 199 201 213 234 252 273 280 285 314 336 353 363 377 389 408 422 438 442 458 487 509 558 603 670 696 748 749 824 931 947 1018 1066
478 0 7 21 27 30 49 54 57 69 78 81 87 88 94 95 100 105 108 118 124 132 133 134 141 148 150 154 161 165 166 169 170 171 172 173 174 177 178 179 180 182 184 187 192 193 194 195 196 197 198 199 201 206 207 208 210 219 225 227 231 235 245 247 254 255 262 267 269 270 271 279 280 301 314 324 353 401 404 417 426 431 446 454 461 462 465 470 471 474 480 481 489 491 500 501 502 514 517 519 589 596 603 619 627 634 638 642 713 718 737 856 918 977 1009 1107
479 7 11 49 55 78 88 95 97 99 111 149 162 163 166 171 180 187 188 200 206 210 231 254 269 299 434 453 470 476 501 502 508 518 590 602 629 641 648 691 840 977 1086 1289
480 49 69 85 87 97 99 141 150 160 170 178 187 188 195 196 201 207 208 213 235 249 280 310 318 422 425 430 470 475 489 491 496 498 505 515 570 585 635 646 650 678 1009
481 49 124 242 254 266 291 298 308 310 324 734 958
482 0 49 106 170 178 225 227 255 271 272 280 441 506 663
483 0 1 3 6 13 14 21 27 37 49 50 55 68 69 72 78 81 86 87 88 93 94 95 96 97 108 114 118 122 132 133 138 140 141 147 148 150 158 165 169 170 171 173 178 180 183 192 199 201 207 208 213 219 223 224 225 226 227 230 231 236 245 247 254 255 262 271 290 291 297 310 314 381 388 395 401 415 419 422 426 440 442 454 459 462 463 501 540 544 550 556 578 612 638 642 652 670 678 685 706 718 732 741 763 805 856 897 899 986
484 239 266 299 300 310 342 866
485 0 5 6 8 9 12 13 24 49 92 105 108 121 124 126 134 178 218 234 239 245 248 255 266 272 273 276 282 284 285 289 294 297 298 299 300 320 401 451 462 466 499 506 523 535 581 748 752 795 805 826 849 857 864 866 908 923 965 981 1059 1094 1102 1107 1155 1160 1183 1304 1377 1414
486 0 2 3 10 11 21 23 26 27 30 44 48 49 54 55 57 63 65 67 68 75 78 81 86 87 91 94 95 96 97 98 99 114 118 122 125 130 133 141 147 153 157 158 169 170 171 173 175 178 180 185 188 191 192 193 199 201 203 207 212 213 219 227 229 234 236 254 255 262 267 269 270 271 277 279 285 290 291 295 297 298 352 374 381 388 389 395 398 399 400 401 419 461 465 492 539 556 558 578 585 586 614 615 638 639 645 659 670 672 678 696 699 706 718 721 728 732 733 734 768 772 777 785 826 894 928 929 938 986 989 1005 1167 1177 1307 1314 1324
487 8 14 21 27 30 49 55 63 68 78 81 82 86 88 96 97 108 124 130 132 133 165 170 171 173 175 178 180 183 187 195 196 200 202 205 207 208 212 219 220 225 231 236 255 262 291 297 301 314 324 329 353 381 424 429 459 477 482 487 491 501 502 506 511 517 599 620 638 649 678 691 718 728 732 734 740 762 1009 1020
488 240 255 261 263 267 268 269 283 285 289 297 299 300 304 305 307 310 311 312 318 319 321 322 323 324 326 327 328 329 330 336 339 342 343 345 347 351 354 355 356 529 530 664 666 668 675 734 735 736 737 738 740 856 862 867 872 878 883 955 995 1193 1198 1235 1421 1422
489 8 23 49 92 121 124 147 178 299 406 446 466 537 727 892 1093 1288
490 11 18 44 99 113 121 126 187 233 270 282 283 336 404 466 484 504 641 644 670 876
491 55 63 82 99 121 124 134 150 184 190 202 239 282 283 288 314 483 502 512 514 518 519 522 641 896 1063
492 21 23 24 47 49 55 58 60 64 68 70 78 81 88 94 95 97 99 106 112 114 115 118 147 151 165 168 169 170 172 173 177 178 179 180 183 185 188 193 198 201 205 206 207 231 236 246 247 249 254 255 262 270 271 281 285 297 314 319 323 324 334 353 354 400 406 426 430 446 474 518 519 536 540 586 634 639 670 679 732 737 748 749 856 986 1223
493 14 49 63 64 97 99 104 118 124 140 171 178 180 188 191 196 201 219 234 235 283 291 297 353 422 489 498 650 693 826 897
494 0 8 10 49 53 55 63 67 70 76 78 81 85 87 89 95 97 100 106 118 124 129 137 141 142 144 148 150 151 154 158 160 164 165 169 170 171 173 176 178 179 180 181 182 183 185 192 197 199 201 205 207 208 211 213 214 215 216 219 222 223 224 225 227 229 230 231 232 237 262 279 285 353 374 375 385 388 389 399 400 409 412 414 419 426 427 428 430 438 439 440 442 456 461 463 469 470 482 487 495 496 498 502 512 514 549 556 563 571 572 580 603 620 629 637 642 649 670 691 718 725 728 779 780 917 941 1009 1016 1048 1058 1075 1083 1084 1100 1119 1141 1146 1165 1166 1200 1211 1345 1397
495 6 9 10 21 32 38 41 49 55 67 88 95 97 130 169 170 171 178 183 187 188 192 203 214 243 265 274 314 427 428 474 519 523 549 551 612 639 707 713 760 894 1338
496 0 2 11 18 21 23 24 28 32 41 49 55 61 67 69 70 78 81 88 89 94 95 96 97 99 100 106 108 111 115 118 124 125 141 142 150 153 158 161 165 166 169 170 171 172 173 174 178 179 180 183 184 186 192 199 207 214 236 237 245 246 254 255 257 262 265 270 291 354 363 368 369 378 384 389 391 395 398 404 426 446 466 532 539 540 549 568 578 638 639 642 702 710 725 727 732 734 757 760 916 919 986 1046 1168 1195
497 9 11 13 22 31 49 52 58 60 63 88 97 124 132 148 153 157 165 172 176 177 179 180 182 183 184 187 188 189 194 200 231 235 266 290 333 425 455 465 471 475 503 505 506 508 516 548 581 590 615 639 650 651 662 892 895 1068 1107
498 6 7 11 54 55 68 86 96 97 99 124 129 133 150 162 163 170 173 180 188 190 191 195 199 202 204 205 212 248 254 269 297 298 304 309 310 314 324 343 353 422 424 454 465 474 475 502 505 507 512 515 516 518 521 578 634 638 644 650 676 678 728 736 863 864 874 888 1066 1244
499 0 2 6 7 8 12 15 29 30 38 41 44 48 55 58 59 60 68 69 71 81 82 87 88 92 96 97 99 108 113 114 126 131 132 161 165 167 172 176 180 193 199 205 213 214 220 232 235 243 247 255 265 273 279 286 292 297 315 354 367 377 401 405 417 420 434 453 455 460 462 466 470 474 489 500 505 508 513 520 523 536 549 559 572 598 626 627 694 695 715 721 748 817 826 936 943 978 979 980 982 1039 1076 1122 1125 1153 1183 1252 1258 1287 1424
500 6 12 92 99 105 114 118 119 121 124 126 147 148 178 219 234 245 254 270 273 279 285 290 295 304 320 338 365 401 406 407 466 499 535 536 581 615 682 727 821 825 895 925 980 981 984 1037 1062 1391
501 268 285 304 310 319 324 329 334 338 339 354 668 872
502 0 7 9 18 19 24 43 44 46 49 57 68 69 78 82 85 87 96 97 99 113 121 124 127 129 130 131 134 163 165 169 170 171 173 178 180 182 183 184 187 191 194 196 202 207 208 210 213 218 220 223 230 231 234 238 243 245 265 266 272 274 280 282 290 294 300 303 310 314 343 352 377 378 383 419 422 425 427 434 442 470 473 475 476 479 480 487 489 495 500 536 548 551 572 594 602 620 641 646 670 680 693 700 722 726 876 935 1152 1254 1351
503 3 4 8 24 27 37 39 43 50 52 53 64 65 67 68 70 71 74 76 81 93 95 96 97 99 114 118 122 124 129 130 140 148 151 158 159 160 165 171 177 182 192 193 194 196 197 205 207 208 209 211 212 213 215 220 222 242 245 254 255 278 279 285 288 289 292 295 297 304 307 314 318 319 326 352 353 368 378 381 388 395 398 400 407 410 412 419 433 438 439 440 445 453 467 470 476 481 490 494 495 496 497 505 508 518 520 534 536 549 551 569 571 584 599 603 607 609 615 616 618 638 642 647 663 664 679 685 691 702 703 709 715 721 728 741 789 827 901 907 912 915 933 941 945 974 1016 1020 1051 1057 1100 1101 1111 1211 1222 1313 1323
504 10 21 30 65 70 72 81 87 94 95 96 97 98 114 118 129 130 137 161 171 173 187 196 200 207 242 262 268 297 304 310 324 328 374 381 398 419 459 462 487 489 517 543 558 574 578 581 591 710 728 1009
505 1 4 7 11 27 30 43 46 49 52 53 54 55 57 62 65 67 68 69 70 72 78 81 87 88 94 95 96 129 132 158 165 169 170 171 172 173 174 178 179 180 183 184 188 190 191 192 193 196 197 199 200 201 202 205 206 207 208 212 213 219 223 224 225 226 227 230 231 255 268 271 291 292 324 329 376 381 395 398 399 400 413 414 419 420 425 427 429 430 434 438 456 461 469 470 473 475 480 485 487 488 494 501 505 507 509 511 512 514 516 521 530 540 556 566 590 591 594 595 598 628 629 633 641 642 644 648 649 650 670 678 679 685 691 696 717 718 725 728 732 735 741 785 817 835 850 918 986 989 990 1016 1033 1043 1224
506 49 118 144 178 219 242 247 249 254 255 268 285 291 295 297 299 303 304 307 310 311 312 319 324 329 330 334 339 341 401 529 586 664 668 675 676 677 734 736 737 740 808 809 822 856 869 871 872 874 986 1004 1056 1192
507 0 12 22 51 69 90 100 129 147 148 151 165 169 170 171 172 173 176 177 180 182 185 188 197 205 206 207 213 220 225 231 235 266 313 314 353 374 419 431 434 465 493 497 502 505 515 518 519 558 616 642 696 721 1037 1116
508 178 255 268 285 299 322 590 691
509 255 289 297 310 319 322
510 257 268 285 289 297 310 329 336 342 668 849 857 864 872 883 1387
511 10 22 49 55 96 180 183 188 195 262 270 283 299 314 518 1193 1338
512 49 114 115 118 124 178 207 219 254 255 262 319 430 463 536 671 725 822
513 0 3 6 9 10 11 14 18 21 24 27 30 41 44 46 47 49 57 63 67 68 69 72 78 80 82 86 87 88 94 95 96 97 99 108 111 113 129 132 133 149 150 151 153 154 165 166 169 170 171 172 173 175 176 178 183 185 186 187 188 191 192 193 194 199 201 205 207 211 212 213 219 225 234 236 254 255 256 262 265 266 269 271 272 280 298 299 303 304 314 353 363 376 388 398 404 415 417 419 420 424 425 426 427 428 453 465 474 518 548 558 572 577 596 618 638 639 642 645 668 696 701 715 718 721 732 733 736 763 775 779 1009 1044 1066 1080 1122 1416
514 255 268 285 297 301 304 310 311 358 668 872 876
515 49 178 188 191 201 209 247 283 307 465 506 572 615 647 878
516 49 114 124 178 219 255 272 280 297 365 401 529 586 726 734 747
517 0 12 24 99 103 114 115 118 122 123 126 144 219 232 234 270 273 281 286 366 401 466 467 536 606 615 671 682 699 703 728 730 828 843 892 981 1017
518 260 263 265 285 296 310 323 326 331 332 336 344 345 346 347 348 666 737 851 855 856 864 872 879 883 884 1032 1193 1225 1235 1237 1320 1409 1410 1421 1425
519 24 99 239 266 283 286 297 307 311 676 874 960
520 10 11 21 32 41 49 55 78 95 106 114 124 132 144 150 153 165 170 171 173 176 178 181 183 185 188 192 201 203 219 223 225 236 238 243 246 255 265 399 417 426 642 646 707 732 749 992
521 10 11 22 47 99 125 131 132 165 170 176 177 189 197 202 205 314 425 471 483 501 512 514 534 641
522 0 2 7 8 13 24 49 65 66 69 71 82 94 96 111 113 150 151 152 160 163 164 165 166 178 186 191 194 199 201 205 207 208 210 239 252 254 255 266 282 286 298 303 378 389 403 404 425 427 430 442 500 505 507 522 524 539 565 572 616 621 625 649 650 680 693 718 775 777 840 843 851 907 908 917 922 927 979 984 992 1006 1011 1017 1039 1086 1153 1348
523 3 5 12 13 22 30 31 38 43 49 51 55 57 59 64 68 69 71 75 78 81 88 91 95 96 99 108 113 115 121 123 124 126 128 129 130 131 158 167 170 171 176 177 179 182 184 188 189 190 191 194 195 196 200 202 205 206 208 209 210 213 218 231 235 238 262 266 283 286 288 298 299 301 307 308 314 315 318 363 382 399 410 412 419 428 430 431 434 438 457 458 460 462 465 470 471 472 473 474 475 479 484 485 486 489 490 495 497 499 502 504 505 506 507 508 510 512 514 518 519 521 536 539 544 548 558 560 563 568 573 591 593 600 601 629 633 636 638 641 644 647 657 670 679 686 688 690 693 694 695 698 701 737 775 805 826 835 872 901 915 923 937 1014 1018 1043 1059 1066 1072 1125 1313 1405
524 0 14 24 99 108 118 148 178 234 245 254 273 279 285 297 328 401 585 671 699 748 1252
525 0 6 49 99 124 144 178 266 269 273 282 285 290 295 299 310 311 404 466 499 581 663 736 826 909 1051
526 6 8 10 11 21 22 49 55 58 59 68 69 85 92 95 99 113 121 124 131 141 150 165 166 169 171 174 177 178 179 180 182 184 187 188 189 194 200 201 204 205 206 207 208 210 211 231 235 276 280 282 313 353 420 422 424 428 470 487 489 490 498 502 504 505 508 517 534 548 578 590 602 618 621 627 633 634 638 639 640 644 646 648 658 660 695 845 929 935 1113
527 30 49 57 78 81 82 106 170 171 175 178 182 190 191 199 200 201 207 210 236 255 295 398 406 422 470 496 514 517 602 644 737
528 255 257 265 267 268 283 285 289 291 297 298 304 307 315 317 318 319 322 323 324 327 328 329 668 735 850 857 863 955 1008
529 49 59 63 69 87 97 99 153 169 171 175 180 188 193 201 217 234 252 272 318 324 353 434 467 478 518 526 572 594 678 797 1183
530 242 283 297 299 308 309 319 325 328 676 734 737 874 881 960 1253
531 0 1 3 6 7 8 10 11 21 23 43 50 51 57 65 69 76 78 81 86 94 95 96 97 98 99 104 114 115 118 122 124 129 133 136 140 144 145 148 150 152 158 161 165 174 178 183 184 188 192 194 200 201 202 207 212 213 215 223 224 225 226 227 231 238 239 245 248 249 263 265 266 269 274 279 281 289 292 295 297 298 299 301 304 307 310 312 314 325 326 327 328 329 335 341 342 343 344 350 353 363 398 399 400 415 416 417 420 421 422 426 438 439 442 443 444 459 461 463 468 471 473 474 476 482 483 486 487 489 491 492 497 499 501 506 511 514 517 522 526 529 539 544 549 552 558 560 566 576 578 581 590 606 620 623 642 645 647 663 665 668 670 671 675 676 678 694 707 725 732 736 740 747 749 766 779 797 806 814 815 821 823 841 874 887 888 890 891 898 919 952 986 1009 1016 1084 1127 1146 1147 1168 1174 1178 1183 1250 1317 1346 1357 1412
532 0 8 11 14 19 21 24 27 42 43 47 49 53 57 63 64 65 68 69 70 76 81 86 87 93 95 97 99 108 114 115 118 122 123 124 129 130 131 140 158 165 166 169 171 174 178 184 188 190 191 192 193 194 199 200 201 202 205 207 208 212 213 219 223 224 225 226 227 233 239 249 254 255 271 272 278 279 283 289 291 292 295 297 300 310 314 318 324 329 352 374 376 381 389 398 404 419 422 425 430 440 441 462 468 470 471 474 480 487 489 495 499 502 518 519 539 540 556 558 581 590 596 638 646 647 650 663 670 671 678 710 725 726 728 733 742 763 805 826 909 922 1003 1107 1132
533 0 2 6 14 20 23 24 102 106 114 115 118 126 144 145 148 232 234 237 270 273 279 285 287 288 291 297 318 321 327 329 366 406 446 447 462 466 499 536 581 584 586 606 615 673 703 728 734 742 805 806 807 892 899 903 950 956 957 998 1017 1022 1024 1029 1157
534 6 7 8 10 15 24 29 38 43 46 49 51 57 59 63 69 70 82 85 86 96 99 118 126 128 129 130 131 133 134 148 149 150 162 163 165 167 170 171 175 176 177 178 182 183 187 189 190 191 192 193 194 195 201 204 206 207 208 209 210 212 220 234 235 266 272 274 280 281 282 298 314 315 378 385 417 419 420 422 428 430 438 462 469 470 471 473 474 475 479 480 483 487 489 490 493 496 497 498 499 505 508 509 511 512 548 581 590 591 594 595 596 599 601 615 616 618 619 625 626 632 641 642 644 645 672 678 685 693 694 695 713 721 775 795 817 892 894 896 915 926 934 935 1009 1015 1033 1059 1063 1066 1089 1101 1113 1125 1295 1350
535 0 1 7 9 21 27 49 61 62 68 70 72 78 81 82 83 87 94 95 97 114 118 129 130 132 133 136 138 140 141 145 150 160 161 165 166 169 171 177 178 186 187 188 192 201 202 207 210 212 219 224 225 226 227 231 262 271 272 314 374 376 381 382 385 398 400 404 412 419 422 426 427 440 461 465 471 474 477 478 480 484 487 489 491 501 502 556 558 574 590 601 627 649 665 680 693 699 706 710 722 726 732 741 763 1009 1020 1033 1080
536 6 9 12 13 18 22 46 47 49 55 57 60 69 82 85 88 99 121 124 128 130 131 132 133 134 165 170 172 175 176 177 179 182 183 184 185 187 188 189 190 194 196 200 202 204 205 206 208 210 235 255 259 265 269 272 273 280 282 299 300 302 310 311 314 315 336 341 343 353 383 410 422 423 426 428 455 457 465 466 469 470 471 473 474 475 479 481 482 484 485 487 488 498 499 500 502 504 505 506 508 509 518 521 534 548 590 594 597 628 629 631 634 635 640 648 663 679 680 685 693 695 704 825 859 892 928 929 943 1052 1068
537 10 11 21 49 55 57 68 78 81 88 95 96 97 99 124 141 150 169 171 173 179 180 184 185 188 192 193 196 199 208 212 220 234 235 272 313 314 419 474 487 519 935
538 18 44 58 68 121 128 129 130 150 152 160 167 182 194 199 201 239 255 266 272 282 283 286 298 300 303 315 353 378 472 474 518 522 590 597 647 648 929 934 935
539 6 8 12 19 24 49 99 106 108 114 178 219 247 254 255 266 267 271 273 283 290 291 307 328 329 336 339 446 462 466 499 506 585 586 728 748 807 981 984 986 1018
540 0 7 27 49 61 65 70 72 78 82 89 90 94 98 101 107 115 137 139 140 165 169 170 171 178 193 201 207 212 219 231 236 254 255 262 271 301 374 400 413 414 415 416 422 427 450 456 459 465 467 468 491 492 502 517 534 543 578 585 612 614 638 642 646 647 664 685 695 741 742 766 824 897 914 919 963 1047 1051 1306
541 0 12 22 27 40 46 47 49 55 57 63 68 69 88 89 96 98 99 106 124 165 169 170 176 178 183 184 188 189 191 193 205 206 227 234 235 246 262 311 314 317 353 363 392 406 407 414 419 422 427 430 470 487 492 500 514 522 578 635 642 670 679 732 749 758 800 925 1029 1063
542 3 7 8 11 13 22 27 55 58 59 60 63 68 69 70 78 81 82 85 87 88 95 97 101 108 111 126 131 132 141 144 158 160 162 166 167 171 173 174 176 177 180 182 184 185 187 188 189 192 194 195 196 197 199 201 204 208 209 213 223 230 231 234 262 299 300 353 363 367 377 399 427 434 453 457 460 465 470 471 499 504 506 507 510 512 519 520 522 556 566 581 590 643 650 651 670 678 680 721 756 763 775 835 920 984 1064 1121 1152 1384
543 283 289 299 310 342 735
544 0 27 30 49 53 61 67 68 70 72 78 81 94 95 97 98 100 114 118 129 132 148 158 161 165 169 170 171 172 173 178 180 192 193 196 199 200 201 202 207 214 215 219 224 225 227 228 230 251 254 262 324 375 389 391 395 399 400 401 409 419 463 511 515 532 539 541 556 578 670 675 718 725 728 732 792 917 940 998
545 4 6 16 49 52 55 97 106 115 118 142 161 178 182 197 216 219 231 233 247 255 268 285 318 342 343 345 375 409 431 557 559 703 744 746 755 838 869 874 901 903 949
546 255 299 309 310 311 312 317 324 329 336 341 343 350 737
547 0 6 11 22 30 38 49 54 55 78 97 99 114 115 118 124 144 153 161 173 178 180 182 200 215 219 223 226 230 231 234 242 245 247 252 254 255 261 267 270 278 279 288 289 290 292 295 297 299 304 310 312 318 319 322 324 327 329 339 342 401 426 434 451 457 462 466 495 506 516 523 536 571 584 586 590 623 629 636 641 644 646 664 669 682 703 728 736 737 748 859 864 881 923 984 986 995 1017 1021 1043 1199
548 0 49 99 115 118 124 178 255 285 401 506 734 843
549 49 118 122 178 219 246 254 255 268 272 285 297 307 310 319 324 401 529 668 734 854 897 963 1426
550 2 4 6 8 10 11 14 16 21 23 25 27 30 32 33 41 43 50 54 55 57 61 63 66 68 69 70 71 75 78 81 87 88 91 94 95 96 97 99 108 114 115 118 122 124 125 129 132 140 141 144 152 153 154 156 158 159 161 165 171 173 174 177 179 180 182 183 184 185 189 190 192 193 195 197 199 200 201 202 206 207 208 212 213 215 216 219 220 223 224 225 226 227 229 230 231 234 235 238 255 257 262 265 269 270 273 278 279 281 283 285 288 291 297 304 307 310 311 312 313 314 322 324 327 328 329 330 336 339 342 351 352 353 359 361 362 381 389 398 406 411 417 426 428 438 439 459 461 462 466 467 496 499 500 509 511 518 522 535 540 544 549 551 556 558 560 568 571 572 577 581 585 586 590 603 615 623 627 638 642 645 660 670 676 678 679 684 696 707 713 718 721 725 728 732 734 737 741 748 749 760 764 779 785 791 807 809 830 841 852 897 914 916 931 947 951 981 998 1009 1017 1021 1083 1100 1101 1104 1128 1177 1215 1323 1326 1381
551 13 49 99 123 124 219 234 245 255 283 291 297 298 728 734 984
552 21 22 44 49 55 88 97 98 99 108 128 129 131 132 133 148 150 167 171 174 175 178 184 187 188 194 196 202 210 215 235 262 272 304 363 422 430 465 469 470 471 473 474 475 478 481 488 489 496 497 502 504 506 510 511 514 515 516 579 590 591 592 594 596 598 602 604 618 628 633 635 642 644 979 1089 1091 1152 1333
553 7 8 10 13 14 21 27 30 49 55 57 68 69 70 76 78 81 85 86 94 97 108 114 115 118 129 130 148 169 171 178 188 199 201 206 212 215 219 225 227 249 262 272 283 286 314 374 401 419 427 517 518 522 566 586 670 678 718 841 912 1016
554 6 12 20 24 49 86 88 99 108 114 115 117 144 147 165 166 178 192 233 241 245 246 249 266 271 282 298 314 315 322 324 336 353 401 406 471 480 496 734 748 983
555 11 47 63 124 129 130 131 167 175 184 189 206 265 283 285 299 314 317 320 323 336 422 470 472 473 484 487 498 504 511 514 590 591 1035
556 7 11 49 57 95 124 162 163 173 177 194 195 243 251 265 268 286 289 295 296 297 304 330 333 339 499 520 523 849 852 1135
557 8 13 18 19 99 113 121 134 250 272 282 283 499 730 828 909
558 3 54 68 72 86 124 141 160 171 177 179 185 188 193 194 196 202 207 213 223 262 297 311 314 318 381 422 504 505 506 510 511 514 518 519 540 556 577 639 840 878 1066
559 0 10 11 49 88 99 124 131 134 165 178 180 194 200 208 219 243 246 247 252 255 265 267 268 272 285 299 314 315 419 469 474 489 593 640 641 795 828 984 989 991 1304
560 6 8 10 11 22 31 45 46 47 51 54 55 69 85 88 90 92 97 99 113 127 128 132 151 153 154 165 167 168 170 171 172 173 175 176 177 180 182 185 191 193 194 196 197 200 206 208 220 235 270 273 282 283 299 339 341 342 378 420 422 423 427 431 434 449 460 465 469 470 471 474 475 479 480 483 485 488 494 496 498 502 503 505 509 511 514 515 521 528 572 590 594 598 602 604 627 639 643 644 648 651 696 758 929 932 991 1039 1040 1068 1085 1096 1113 1331 1376 1384
561 4 49 72 78 81 87 97 124 129 132 138 140 141 145 150 170 171 182 187 188 191 194 215 231 283 398 412 414 422 427 430 434 453 468 471 474 476 492 540 556 572 581 670 706 713 1009 1091
562 49 69 115 164 169 178 207 217 230 234 252 254 298 317 363 397 399 556 678 766 1005
563 49 114 115 118 124 178 242 255 286 289 297 310 340 341 463 586
564 9 29 51 69 82 85 162 163 167 168 176 187 204 209 210 378 453 500 506 625 626 627 639 693 699 716 835 896 942 988 1295 1427
565 1 6 7 11 19 22 55 63 68 69 76 81 82 85 88 97 99 114 124 130 131 132 133 134 153 154 158 160 162 163 165 167 174 179 188 189 193 199 200 204 207 210 215 239 262 270 314 374 388 401 407 434 452 453 470 471 474 487 499 502 503 512 514 520 572 618 638 647 660 670 679 691 693 713 722 749 758 836 931 975 1035 1151
566 6 8 9 11 22 31 46 55 58 59 82 88 95 121 124 130 131 133 149 153 165 170 172 173 174 175 176 179 180 182 184 185 187 189 194 195 196 200 206 218 220 243 265 268 270 290 295 296 299 383 424 425 428 429 460 465 466 469 470 471 472 473 474 475 478 480 481 483 484 485 487 488 489 495 497 498 504 505 508 516 579 590 591 593 594 595 598 599 600 602 604 623 627 628 633 634 635 637 640 641 644 646 662 665 691 793 828 892 989 991 992 1096 1162 1240
567 29 55 78 99 124 131 132 162 175 182 188 210 221 239 266 300 419 422 453 465 466 469 470 473 474 477 479 485 500 590 591 593 602 618 628 640 648 816 1020 1090 1102 1161 1231
568 0 6 8 13 14 18 24 49 99 115 121 123 148 233 234 245 254 255 271 273 280 281 283 288 298 299 317 324 336 464 663 671 1155
569 268 283 299 300 302
570 44 63 121 171 178 188 353 453 475 644 936
571 8 13 121 283 297 298 315 467 795
572 9 21 49 68 124 131 132 141 154 159 171 175 176 177 179 189 191 208 234 255 272 280 343 422 469 470 471 483 498 504 510 514 519 619 641 644 648 699
573 210 239 242 255 259 265 266 269 285 286 297 299 307 308 309 312 315 340 342 740 860 864 876 1032 1251
574 78 95 97 165 170 173 191 314 422 590
575 0 6 14 49 69 99 121 122 178 201 207 234 254 277 430 462 505 807
576 0 3 4 7 11 21 24 27 30 39 47 48 49 53 57 62 63 64 67 68 70 78 81 86 94 95 96 97 99 101 107 108 114 118 122 129 130 137 144 148 158 165 169 170 171 173 178 180 183 188 191 193 199 201 205 212 213 214 222 223 226 234 238 262 281 291 295 310 313 314 352 361 381 389 395 398 399 403 405 419 422 431 434 456 461 463 487 539 551 556 569 572 578 584 610 614 638 642 649 650 652 670 706 713 718 721 728 756 808 826 843 912 914 998 1003 1012 1014 1016 1111 1167 1389
577 295 297 310 986
578 0 24 49 65 82 87 97 99 108 150 165 166 170 180 191 199 206 213 255 283 285 291 329 389 423 430 511 519 572 590 678 695 718
579 49 118 120 145 178 246 247 249 254 255 268 279 283 285 286 291 339 354 446 807 843 848
580 6 8 49 99 124 134 221 250 282 466 506 795 825 895 1062 1269 1275 1280
581 0 6 49 92 99 121 148 178 219 237 243 255 265 266 268 290 310 449 463 466 468 499 537 736 892 984
582 6 11 54 82 99 172 192 195 197 206 255 262 265 273 283 353 474 504 510 515 521 589 642 650 694
583 49 106 111 158 169 178 219 224 225 227 246 255 310 419
584 13 19 29 44 58 59 60 85 162 163 167 187 195 204 209 210 272 280 283 454 500 501 547 621 625 626 639 693 699 722 726 840 896 975 979 1086 1113 1118 1120 1151 1331 1360 1370 1376 1392 1404 1428
585 2 16 28 30 32 38 49 50 52 55 66 67 68 75 78 95 114 115 118 124 141 153 156 157 158 169 171 178 180 184 192 197 199 207 212 214 223 230 234 238 251 262 270 285 352 375 399 401 442 458 461 540 549 642 706 749 765 788 802 899 912 1012 1175 1219
586 255 256 257 259 261 265 267 268 269 283 285 297 300 301 302 304 310 311 312 319 321 328 329 334 336 339 677 872 887 910 1213 1357
587 0 7 11 14 20 21 24 27 39 41 49 50 55 62 67 70 71 78 81 82 84 87 90 94 98 104 114 118 128 129 130 139 140 148 151 152 158 159 161 165 169 170 175 178 181 183 201 203 207 212 213 214 217 222 228 231 236 255 262 265 269 275 279 280 283 285 291 298 304 310 311 312 314 322 329 343 350 352 361 362 363 366 389 391 398 413 415 417 423 427 428 442 454 462 463 474 476 543 549 558 568 578 586 625 632 645 647 670 678 683 685 702 706 707 718 721 725 728 733 748 768 792 797 803 827 901 907 914 931 941 1009 1014 1031 1044 1047 1058 1063 1195 1317
588 256 269 285 291 297 301 307 310 324 328 329 335 529 664 668 674 676 737 850 854 856 869 872
589 5 12 13 18 99 113 121 123 124 134 147 218 245 272 273 282 283 284 466 537 663 726 730 987
590 3 12 24 44 47 55 63 69 78 85 99 113 124 188 191 193 201 208 213 235 272 280 282 283 303 353 377 378 389 423 430 478 499 505 508 514 590 602 642 695 726 775 894 896 929 1064 1076 1085
591 0 2 3 6 7 8 10 11 12 13 14 19 21 22 23 27 31 41 46 47 49 54 55 57 58 59 60 63 68 69 70 78 80 86 88 91 92 94 95 96 97 98 99 106 113 114 118 119 120 121 124 126 129 131 132 134 141 144 146 147 148 154 165 166 167 169 170 171 173 175 176 177 179 180 181 182 184 185 186 188 189 190 191 192 193 194 195 198 199 200 201 212 213 218 220 221 231 234 235 239 243 245 246 247 248 252 254 255 257 259 262 265 266 268 269 270 273 278 279 280 282 283 285 286 290 292 294 295 299 300 302 303 304 310 311 314 315 316 320 322 323 329 336 340 342 343 346 350 353 363 378 401 404 406 414 417 419 420 422 428 434 446 452 454 457 458 460 462 466 470 471 473 474 475 492 499 503 505 509 512 513 517 518 522 524 525 535 536 537 548 558 579 581 590 639 641 642 644 668 672 688 691 716 721 728 733 736 738 748 749 772 788 795 814 825 826 828 833 834 852 864 876 892 909 925 935 941 943 947 956 978 980 981 982 984 986 987 992 1009 1037 1040 1041 1043 1062 1094 1099 1107 1108 1142 1145 1157 1183 1212 1271 1377 1428
592 3 4 10 14 25 49 55 57 65 68 69 70 76 78 82 87 96 97 99 108 114 115 118 122 123 128 130 137 140 141 150 152 156 158 159 160 161 169 170 171 176 178 180 190 193 197 201 208 213 220 234 235 238 252 269 279 280 281 283 285 298 310 314 353 362 381 389 398 413 419 469 487 558 581 620 646 647 685 709 721 725 728 733 748 789 843 938 1084
593 13 14 99 124 218 219 239 266 353 506 511
594 2 8 13 14 49 99 108 124 148 178 243 255 265 272 279 286 287 290 295 326 342 406 451 466 499 536 581 748 825 841 895 925 964 979 980 1029 1037 1099 1107
595 49 283 285 291 292 297 310 319 324 668
596 14 49 124 148 178 222 232 239 247 261 272 280 286 290 291 295 297 324 468 674 728 734 749 986 1115
597 255 283 289 297 305 309 310 319 345 346 529 734 736 874
598 0 108 217 234 252 271 277 279 281 285 291 462 467 526 584 668 734 742 749 826 827 850 865 901 921 947 958 984 1061 1115 1222 1223 1252
599 3 10 21 49 52 55 61 78 81 88 95 124 158 169 171 173 174 178 179 180 184 185 192 207 223 224 227 238 266 395 430 440 501 502 506 509 517 521 540 544 558 560 638 652 670 747 920 974
600 8 21 49 63 64 86 90 99 104 106 124 128 129 130 132 138 150 151 153 160 161 165 169 170 171 175 176 178 180 182 183 188 195 198 205 207 219 225 227 238 247 255 257 273 281 314 320 321 353 406 415 422 424 426 431 434 446 466 470 473 474 487 495 499 574 658 726 749 894 1009 1051 1081 1423
601 0 8 49 118 122 124 145 178 234 254 256 291 301 354 529 664 857 958
602 6 10 11 21 49 55 88 99 169 170 177 178 180 207 219 226 227 247 291 310 322 376 381 424 440 465 734 737 896 958 1195 1357
603 6 47 99 124 161 231 439 548 557 624 657
604 0 8 11 13 14 21 63 68 78 97 99 123 124 129 130 132 134 150 173 177 184 188 220 249 257 266 272 273 279 283 285 291 292 299 314 329 336 353 367 404 474 487 499 512 514 517 518 519 522 572 588 606 907 922 1183
605 0 2 6 10 14 21 23 24 27 30 32 37 47 49 54 55 63 67 68 70 81 82 86 87 88 90 92 94 95 96 97 98 99 108 114 115 118 122 124 129 132 141 144 147 148 153 154 158 165 169 170 171 172 173 175 176 177 178 180 181 183 184 185 188 191 192 193 195 197 198 199 200 201 203 206 208 211 212 213 225 231 234 235 236 245 247 252 254 255 262 270 278 279 281 284 285 290 295 304 310 319 329 381 389 400 401 414 415 417 419 422 427 430 433 459 462 463 464 466 468 474 482 489 492 498 499 507 518 521 522 536 539 552 558 575 578 585 606 607 615 638 642 647 649 678 695 699 715 721 732 733 735 749 788 807 814 825 826 897 898 901 912 915 931 935 938 941 963 1009 1025 1035 1113 1381
606 44 55 85 99 104 134 177 208 210 235 272 308 453 465 466 473 474 478 485 489 502 519 520 693 828 835
607 8 10 21 22 24 27 41 43 55 58 60 63 64 68 69 78 82 85 92 97 99 124 128 130 141 179 182 184 187 190 193 194 201 204 210 213 215 231 235 265 272 280 283 285 300 303 313 314 315 324 328 329 333 336 353 415 417 419 422 434 439 452 453 470 474 478 480 481 490 496 497 499 505 508 539 558 590 593 594 596 642 647 660 676 681 685 715 721 722 728 739 829 842 912 933 941 979 1009 1033 1066 1080 1084 1089 1131 1210 1226
608 14 122 282 284 301 310 736 854
609 0 7 10 11 27 49 50 69 70 97 114 124 130 140 150 159 169 173 180 182 184 200 213 269 272 273 310 311 314 374 398 415 419 422 471 474 476 480 496 518 558 572 593 594 736 737 741
610 259 265 266 269 283 297 298 299 302 303 304 308 311 329 330 332 336 340 342 343 346 666 736 737 738 859
611 0 14 99 114 144 272 297 471 841 897 1030 1033
612 0 11 49 63 88 123 124 173 191 255 269 294 300 314 430 469 500 505 521 590 594 1252
613 0 8 99 118 123 144 232 252 273 291 449 499 742
614 12 13 21 22 25 27 47 68 69 82 85 86 96 124 132 150 165 167 172 175 176 177 184 188 189 191 194 196 205 206 208 210 212 213 234 259 265 266 272 280 283 297 299 300 303 315 353 419 422 423 430 453 466 500 505 508 509 510 512 514 517 518 519 520 616 618 619 625 631 647 722 775 835 991 1035 1150
615 255 266 269 283 285 286 289 297 299 300 310 311 312 318 319 327 339 343 345 351 675 736 856 1251
616 73 88 99 172 176 180 182 189 197 216 299 316 353 422 432 434 435 438 471 479 555 563 572 594 598 622 631 633 640 643 658 662 845 989 991
617 0 6 10 11 21 22 27 30 43 49 55 63 65 68 70 78 81 87 90 96 97 99 114 118 124 128 129 130 132 140 158 165 169 171 173 178 179 180 182 183 184 187 188 189 190 193 197 212 231 234 238 262 270 310 314 374 381 399 400 412 415 419 422 427 434 474 478 487 492 497 498 517 522 558 566 572 578 585 586 596 612 638 642 678 699 797 897 931 938 1009
618 21 26 49 78 81 95 114 115 118 124 141 158 171 173 178 179 180 184 185 192 223 228 230 238 242 255 270 278 292 295 297 299 310 327 328 381 399 540 556 558 568 586 638 652 670 706 856 986
619 0 6 14 27 49 62 70 77 81 93 94 97 115 118 135 137 142 148 161 169 170 171 178 234 237 243 257 265 278 285 291 310 319 350 375 389 400 402 405 412 419 427 456 492 550 553 555 578 584 610 614 685 726 728 741 754 755 778 802 837 901 919 941 963 1005 1006 1013 1036 1058 1371
620 2 3 6 7 16 23 24 27 32 40 49 52 54 61 66 67 72 78 79 81 86 94 95 99 104 106 114 120 122 125 132 145 148 151 169 170 177 178 180 194 197 205 219 228 237 238 246 247 254 265 267 268 270 273 295 298 310 381 391 401 406 415 416 419 427 446 532 544 549 551 558 568 574 575 611 612 672 678 707 708 721 732 734 737 749 765 773 786 791 856 917 982 986 998 1005 1059
621 1 3 6 7 8 10 11 14 21 23 28 29 45 49 55 61 63 68 78 82 85 88 89 94 95 97 98 99 100 106 108 114 124 129 132 140 141 150 151 153 154 162 163 165 166 169 170 171 172 173 175 178 180 181 187 191 192 195 196 199 204 206 210 211 214 219 223 225 228 230 245 246 247 273 274 280 295 359 363 376 381 399 401 404 415 422 426 427 428 429 442 470 471 487 502 512 540 558 568 571 578 586 679 707 716 723 741 749 765 814 963 1009 1140 1173
622 14 49 65 69 78 87 118 124 178 182 191 201 213 219 224 231 255 271 272 280 430 442 474 514 516 590 635 646
623 0 6 13 14 24 49 92 99 121 123 124 134 144 147 178 232 234 239 243 245 247 255 259 265 266 269 270 272 273 275 279 282 283 285 290 295 297 299 302 307 310 312 317 323 324 329 343 401 406 407 462 466 499 535 615 676 682 727 728 736 748 814 847 863 881 892 897 951 952 963 980 982 1018 1037 1079 1085
624 3 22 49 90 95 96 131 132 141 166 169 171 173 176 178 185 192 194 195 210 211 213 219 235 245 247 254 255 283 389 404 419 423 470 471 474 475 489 506 578 590 634 639 737 835 933
625 255 265 269 283 299 310 320 323
626 6 8 10 11 21 22 38 50 52 54 57 61 63 67 69 81 88 91 99 132 154 173 174 176 177 179 180 181 184 185 188 190 192 193 194 196 202 225 227 234 238 242 255 268 270 297 313 314 324 426 429 430 458 501 502 509 511 514 517 519 615 623 636 638 642 647 670 676 683 690 721 775 780 830 974 1101 1152 1215
627 165 239 255 267 285 289 297 298 299 302 322 326 328 329 334 336 357 676 826 851 911 955 995 1238
628 8 11 14 21 22 49 54 55 57 63 68 85 86 91 97 99 108 114 124 129 132 134 141 144 150 157 159 169 170 171 179 184 190 191 192 193 194 196 197 199 201 204 207 220 231 235 238 255 262 265 268 272 273 274 281 283 285 289 297 304 313 315 328 329 353 377 388 412 419 430 454 458 466 495 500 519 556 638 642 645 647 670 679 718 857 1074 1084
629 0 6 10 11 63 95 97 108 114 115 117 118 120 123 192 213 219 234 236 252 270 275 285 291 292 295 297 319 407 462 467 468 526 558 584 586 607 718 728 742 802 841 872 902 947 993 1010 1017
630 269 286 298 304 307 310 311 342
631 1 10 11 21 49 50 63 68 70 78 80 81 94 95 96 97 98 128 129 130 131 140 141 161 165 169 170 171 178 180 181 183 185 188 191 192 198 199 201 207 212 279 314 352 353 381 400 415 419 442 461 471 474 476 501 518 556 581 609 620 638 665 670 691 721 826
632 27 49 78 81 93 95 97 140 144 156 180 192 223 234 297 314 324 381 401 419 517 912 989 1016
633 6 8 12 14 24 49 92 99 106 108 114 115 118 122 124 126 234 245 255 269 273 278 279 281 282 283 291 299 310 311 319 327 329 336 401 406 407 449 462 466 499 506 536 537 581 584 586 615 663 671 682 703 728 730 895 897 923 956 981 1037 1155
634 243 252 259 265 266 299 304 323 327 329 863
635 9 14 24 99 103 115 118 219 255 269 310 585 726 746 795
636 0 14 24 49 99 118 148 178 271 283 324 328 334 404 506 676 728 730 909 1189 1266
637 3 21 49 88 95 114 118 141 158 165 169 171 172 178 180 182 183 192 201 207 208 219 223 227 231 235 262 381 406 425 426 506 540 671
638 13 18 27 47 82 85 97 132 167 171 175 191 209 210 239 272 280 283 303 422 442 453 474 478 479 502 504 505 507 510 517 518 519 591 602 625 638 648 660 680 693 726 763 816 840 896 943 990 1151 1152
639 1 3 10 11 13 21 37 41 46 52 54 55 63 65 67 69 78 80 84 90 91 95 123 131 147 148 158 165 166 167 170 171 172 177 179 181 183 186 192 198 199 201 206 207 211 223 228 230 236 246 266 299 301 310 311 314 334 338 342 350 353 378 381 423 452 465 487 540 556 558 570 581 650 670 675 679 718 736 737 747 756 763 773 892 914 925 1037 1043 1185
640 22 58 63 82 88 121 131 189 195 200 206 239 265 282 298 302 422 427 429 474 475 488 502 504 505 519 548 644 842 941 1009
641 0 1 7 12 14 20 21 27 28 37 39 48 49 50 53 55 63 64 65 66 68 70 71 72 79 81 82 87 89 90 94 95 96 101 102 114 118 122 130 135 138 139 140 144 145 162 163 165 169 170 171 178 183 188 201 205 207 217 222 230 234 242 246 247 249 251 254 256 291 310 352 360 361 362 363 364 379 380 381 382 387 388 389 391 396 397 398 399 403 405 407 412 414 415 416 438 442 453 456 461 463 468 476 487 518 532 533 542 543 544 549 550 555 558 567 569 574 575 578 585 586 609 610 638 672 685 706 709 711 714 717 718 725 728 734 742 754 755 761 765 768 773 777 778 779 794 808 826 839 894 899 901 904 905 915 917 931 938 963 984 998 1000 1002 1006 1009 1025 1047 1048 1058 1101 1105 1115 1143 1176 1181 1194 1230 1310 1345 1349
642 0 3 6 10 11 22 23 27 31 38 41 46 49 52 54 55 57 64 66 71 78 86 91 93 95 98 99 108 111 118 124 126 129 140 141 147 149 150 151 153 160 165 166 169 170 171 173 174 176 180 182 183 184 186 191 192 194 200 202 205 206 207 208 213 216 220 225 230 231 232 237 243 265 273 285 352 353 363 389 400 404 406 414 415 416 419 423 425 427 430 431 434 438 459 461 465 472 473 474 475 483 487 492 495 496 499 506 507 510 512 558 590 626 642 643 646 650 658 660 701 765 773 901 929 941 982 1035 1063
643 49 99 114 118 122 124 178 234 240 247 254 255 256 258 273 288 290 291 295 297 304 305 318 319 322 324 326 448 536 586 734 805 848 850 949 958 995 1426
644 3 10 21 22 27 29 31 45 46 47 49 58 59 60 64 68 69 80 88 97 131 132 165 169 170 171 172 174 176 177 178 179 180 182 183 185 188 191 192 194 197 200 205 206 208 209 211 213 265 283 314 336 353 422 423 425 428 429 430 460 465 473 474 479 497 503 504 505 509 512 514 548 627 628 637 640 641 643 645 651 662 732 928 929 931 932 935 1121
645 269 310 311 992
646 14 21 28 70 71 76 78 81 87 118 131 133 144 170 171 174 193 194 199 219 228 252 297 353 398 399 401 422 481 487 544 558 578 591 618 691 728 734 963 986 1017
647 0 1 4 21 27 37 39 49 61 62 65 66 71 78 81 82 87 88 93 95 97 104 106 108 115 118 120 130 140 141 142 149 150 151 161 164 165 166 169 170 171 173 174 175 176 178 180 181 182 183 185 188 190 191 192 196 199 201 205 207 208 213 216 219 223 225 226 227 231 232 247 249 262 272 285 292 301 319 360 380 381 382 389 395 399 401 403 419 424 425 426 427 429 430 431 438 462 465 470 474 475 487 488 491 493 496 501 510 511 518 536 540 544 556 558 566 568 590 602 616 623 670 671 678 703 726 728 732 766 792 807 901 902 973 1020 1218
648 0 14 23 49 114 124 144 178 249 254 279 288 295 462 986
649 6 49 54 88 90 95 97 98 99 114 115 129 130 131 132 133 138 140 150 161 165 169 170 171 172 173 178 180 183 188 191 192 193 194 195 196 197 201 202 203 205 208 213 219 225 227 231 235 262 266 267 269 310 353 381 415 422 424 425 427 429 430 434 436 465 469 470 471 474 475 484 487 489 498 502 506 510 511 517 521 542 589 590 595 599 617 620 644 650 661 691 940 1035 1091 1113
650 124 239 266 273 282 283 299 303 506
651 95 242 272 279 297 304 324 329 529
652 0 21 27 49 55 63 68 78 81 82 86 88 95 99 114 118 124 132 153 154 158 160 171 176 177 178 183 184 185 188 190 192 195 196 197 201 207 225 236 262 269 283 288 297 304 307 310 314 324 329 353 381 426 439 465 471 483 500 502 512 514 522 556 586 615 644 670 732 734 821 903 955 982
653 0 3 7 10 11 21 23 27 49 55 65 68 69 78 81 82 86 94 97 108 111 113 114 118 121 125 134 140 141 148 150 165 166 169 170 171 186 192 193 201 207 212 213 219 220 234 235 236 246 254 255 262 271 272 280 281 288 297 299 310 313 314 328 363 381 401 404 414 419 426 453 459 487 536 558 578 581 586 625 647 664 706 721 722 725 728 734 742 769 826 899 935 941 986 990 1005 1230
654 5 29 31 45 47 49 58 63 78 85 88 97 124 130 131 132 134 140 146 152 164 169 175 176 179 180 182 184 188 195 197 210 213 239 259 267 270 272 273 282 290 293 294 295 299 300 302 310 311 312 314 316 340 342 353 422 434 438 439 470 471 474 493 495 498 505 506 508 519 520 522 537 548 590 591 594 597 618 625 638 684 725 825 842 844 851 873 880 886 888 915 934 975 1040 1072 1096 1135 1150 1152 1169 1276 1284 1311 1401 1407 1428 1432 1433 1434 1435 1436 1439 1440
655 300 340 343
656 8 108 148 266 283 291 336 342 466 499 676 730 895 979
657 0 6 7 8 21 41 44 49 54 55 68 85 95 97 99 114 124 166 168 175 179 189 195 254 270 273 314 404 424 428 458 462 466 479 502 506 509 518 521 590 641 932 1066
658 12 22 42 55 57 61 63 65 69 72 75 76 78 81 85 88 95 96 97 118 124 128 131 133 140 141 150 154 156 161 170 171 172 173 174 175 177 179 180 182 184 188 189 192 193 194 196 199 201 207 209 212 213 215 223 231 249 255 266 269 291 310 312 313 341 353 381 415 419 426 434 439 442 460 470 472 473 474 477 480 481 485 487 490 493 496 498 505 508 510 512 515 517 519 558 589 590 591 593 594 596 598 603 616 633 641 642 644 648 651 660 662 679 691 725 775 787 817 991 1014 1034 1084 1103 1127 1131 1161
659 21 49 67 90 97 131 132 148 150 151 165 169 170 171 176 178 188 192 193 204 205 207 208 247 254 256 269 287 310 311 312 423 424 425 426 427 430 474 482 590 639 732 733 874 990 1020
660 0 7 27 47 49 51 57 63 68 69 70 78 85 88 94 95 96 114 115 129 132 141 158 161 162 163 165 166 167 169 170 171 175 176 177 178 180 182 186 188 189 191 192 194 196 201 206 207 213 225 227 234 235 255 271 291 310 314 353 404 414 419 420 422 423 428 431 434 462 471 487 489 492 506 518 522 556 558 602 634 644 663 693 695 713 737
661 5 9 12 92 243 265 272 282 506 581 956 1265 1285 1375
662 0 2 6 10 11 14 22 24 30 41 46 49 55 63 68 88 95 97 99 114 118 124 131 145 147 171 173 177 178 179 180 189 234 242 262 269 270 281 284 285 297 304 310 311 312 314 317 318 322 324 326 328 329 353 466 499 500 535 578 590 606 615 639 642 645 671 679 727 728 748 749 797 814 872 921 929 947 950 1017 1018 1200 1259
663 0 3 11 13 30 44 46 49 51 55 56 57 63 70 78 80 82 88 91 94 97 99 124 129 131 148 150 151 153 159 165 166 169 170 171 172 173 176 177 179 183 184 189 191 193 194 200 206 207 209 212 220 225 273 282 283 299 303 314 315 404 410 422 453 457 469 470 471 472 473 474 475 485 487 495 500 504 505 507 509 516 519 520 556 590 598 618 629 636 641 644 646 650 651 670 688 691 694 721 750 756 775 787 1074
664 0 6 8 11 14 49 55 64 68 70 88 91 97 106 108 114 122 123 124 131 132 140 144 153 169 178 180 182 183 185 193 197 207 211 213 235 237 245 246 252 279 283 284 290 298 310 315 324 353 365 407 414 415 417 419 422 427 447 464 467 474 526 529 578 647 685 728 734 748 749 797 826 897 979 998 1010 1018 1031 1252
665 3 6 10 11 12 22 31 45 47 55 63 65 69 80 88 96 97 99 111 113 124 126 129 131 132 134 150 159 165 166 170 172 173 176 177 179 180 182 184 185 188 189 190 194 196 197 199 200 203 206 208 210 233 235 252 255 266 283 298 299 307 314 315 327 335 353 422 424 425 430 434 458 462 465 469 470 471 473 474 475 480 483 484 485 487 489 490 495 496 497 501 502 504 505 506 507 508 509 510 514 516 518 520 535 536 572 590 594 600 619 623 627 629 634 637 638 640 641 642 643 644 647 648 650 670 693 695 715 787 793 835 836 918 929 931 932 946 981 991 1015 1063 1129 1214
666 8 27 85 97 121 128 179 183 189 193 194 213 220 266 269 272 280 282 311 312 314 353 422 452 466 473 478 518 638 680
667 12 49 81 207 266 268 269 280 283 285 297 299 304 308 319 324 336 343 363 399 466 529 738 873 963
668 0 11 22 49 63 96 108 111 124 129 130 148 165 172 178 184 189 202 243 245 297 299 307 310 336 353 404 422 453 465 470 471 473 481 502 506 512 513 514 590 601 634 636 641 644 651
669 7 14 95 141 171 183 192 196 219 225 242 413 415 470 471 473 474 475 476 502 510 512 590 593 598 638 644 646 691 918 1241
670 1 3 6 10 11 16 21 22 32 37 49 61 65 81 87 88 95 97 115 118 120 141 156 158 169 171 174 178 179 192 201 207 230 231 234 238 247 254 255 270 285 295 381 442 443 446 463 495 536 543 544 549 552 556 558 566 586 671 728 1174
671 24 106 124 272 281 298 317 467 506 797 851 998
672 11 239 266 269 283 285 289 291 300 307 308 310 311 318 322 323 324 336 340 341 343 519 736 873
673 0 14 24 49 114 118 122 124 178 242 252 254 279 289 291 310 401 728 749 809 843 1426
674 85 239 266 283 300 302 303 314 340 343 422 454 500 522 637 736 851 873 876 977 1430 1441
675 0 21 49 63 99 111 114 129 141 165 166 169 170 171 178 190 219 242 247 252 254 256 262 267 269 283 291 297 299 300 310 311 312 314 324 340 350 471 473 474 529 530 734 736 737 826 869 878 889 934 963 1357
676 0 6 90 114 126 145 148 219 234 237 242 265 285 291 297 304 318 319 354 401 446 462 466 499 664 673 728 734 883 958 1195 1200
677 0 6 49 99 108 124 144 273 297 328 506 728
678 27 41 49 55 63 68 69 82 129 151 165 169 170 178 181 193 219 220 265 283 285 288 314 323 353 427 474 475 511 518 522 696 713 734 737
679 0 6 8 13 19 23 24 49 97 134 140 147 148 166 192 239 245 254 266 273 282 283 291 314 404 506 508 826
680 283 289 291 530 676 736 874 960 1135 1293
681 0 6 10 11 14 20 21 22 23 24 32 38 41 47 49 50 53 54 55 63 66 67 68 69 70 72 74 78 81 86 87 88 91 94 95 96 97 114 118 122 124 125 132 147 148 151 153 154 165 169 170 171 173 176 178 179 181 182 183 184 185 187 192 193 198 199 207 208 212 213 214 219 225 226 237 238 243 265 268 269 270 271 279 281 285 290 295 296 313 314 321 328 329 347 362 375 376 389 395 419 422 426 446 459 461 509 511 549 562 563 566 575 614 615 638 641 642 644 645 672 682 683 706 707 708 710 721 738 747 749 751 758 760 790 872 897 914 919 931 981 982 989 1009 1044 1177 1182
682 21 55 61 124 129 130 184 265 269 286 299 302 311 312 313 317 323 336 342 343 502 504 578 594 676 864 882
683 0 7 14 47 49 62 63 65 69 72 81 82 87 97 99 108 114 115 165 169 175 178 183 199 201 212 234 236 249 262 279 361 389 404 468 474 511 543 678 696 718 728 742 998
684 10 11 21 22 25 27 47 49 55 63 78 88 97 98 124 131 132 165 167 169 170 171 175 176 177 179 182 184 188 189 191 194 195 201 202 205 206 211 231 262 296 313 314 323 353 420 422 425 430 442 458 465 471 495 505 509 512 519 578 590 638 641 788 941
685 265 266 285 297 310 315 317 336 735 872
686 256 285 299 301 304 306 322 325 328 334 335 337 345 355 664 668 735 740 856 874 1092 1190
687 6 14 49 106 114 115 118 147 178 219 247 254 255 295 297 354 401 462 466 586 734 749
688 0 7 11 55 63 66 68 78 87 93 97 115 124 150 155 171 183 191 200 205 213 215 220 229 231 234 235 281 353 389 430 442 487 514 536 623 636 642 650 670 698 749 765 998 1012
689 0 49 55 63 78 97 167 175 179 182 224 291 314 469 487 515 590 591 618 637 678 721 734 758 1131
690 0 24 99 191 201 205 208 235 254 297 324 406 407 748 843 1097
691 6 10 11 22 24 47 52 55 78 95 96 97 114 124 129 131 132 140 141 154 156 171 175 182 190 192 212 213 215 255 269 279 314 353 378 422 427 471 479 490 495 498 505 512 514 558 593 598 615 619 649 660 671 683 715 721 912 1057
692 8 14 21 27 30 47 49 51 68 70 71 81 87 88 96 97 99 115 118 124 128 129 130 132 138 140 141 150 154 158 160 169 171 173 174 175 177 178 180 182 184 185 188 190 191 192 193 194 196 197 199 200 201 202 207 208 213 225 226 227 234 236 272 297 314 352 353 381 415 419 422 424 427 429 430 440 442 459 461 465 471 472 473 474 475 476 480 481 483 486 487 489 490 497 501 502 508 510 511 514 517 518 521 572 574 590 591 592 593 597 601 604 619 628 632 635 641 644 646 648 650 652 660 670 678 685 691 817 937 990 1005 1091 1161 1217
693 239 257 265 267 285 299 304 308 315 336 339 342 350 354 859 879 961 965 994
694 8 121 175 231 242 283 299 302 304 307 308 309 311 323 340 422 511 514 860 1032 1135
695 0 6 8 49 104 118 119 120 121 123 124 126 147 178 219 232 234 239 241 247 254 265 267 268 270 273 274 279 280 281 283 284 288 291 295 297 298 299 302 304 319 320 321 322 324 339 365 446 464 536 581 584 585 615 675 699 734 737 749 800 856 863 951 1037
696 0 9 49 82 88 95 124 128 129 169 170 173 187 191 192 202 207 219 272 291 297 304 326 353 381 428 429 469 476 477 489 498 506 520 578 590 600 635 691 695
697 9 12 18 19 22 69 97 99 113 114 115 121 126 134 182 218 243 247 249 255 265 266 280 282 295 301 305 319 320 321 336 449 466 535 950 959 979 981 1003 1124 1145 1260
698 47 49 95 141 170 171 178 419 522 638
699 0 18 49 99 121 124 234 254 266 269 282 283 286 289 294 300 301 308 310 311 312 322 324 676 736 737
700 224 225 226 227 255 310 376 529 737
701 0 6 14 49 99 114 115 120 124 178 219 234 254 255 272 285 290 297 406 462 581 615 826 899 963 982
702 49 88 97 99 131 132 133 170 175 177 182 184 190 194 202 207 208 266 269 283 299 312 314 340 343 350 378 424 427 430 471 472 477 479 482 483 484 485 487 497 505 514 590 591 594 620 635 641 644 648 721 1238
703 0 21 27 28 37 49 61 63 70 78 81 82 93 94 95 108 114 115 118 145 158 171 178 207 219 222 224 227 238 252 254 262 272 279 280 295 297 314 373 381 389 395 396 399 401 462 556 558 566 586 609 610 612 671 685 706 741 780 808 809 905 1005 1013 1398
704 0 24 49 114 122 145 178 255 291 319 327 406 462 615 742
705 7 8 9 12 14 44 56 64 85 92 96 99 108 113 121 131 134 148 157 159 167 187 188 191 194 205 209 218 221 235 239 245 248 253 266 272 280 282 283 284 290 299 302 307 308 314 315 341 343 363 383 420 422 453 458 464 469 474 476 479 490 496 498 518 520 522 524 572 589 593 618 619 625 634 635 641 647 650 663 678 680 682 689 691 693 704 718 721 722 775 782 793 828 840 841 842 859 876 894 896 909 926 929 965 977 994 1038 1066 1074 1085 1124 1133 1169 1203 1226 1353 1430 1435
706 0 49 108 114 115 122 144 145 147 148 178 219 234 252 255 271 275 277 278 281 286 297 301 310 315 322 401 448 462 499 585 676 699 726 734 737 748 749 750 826 843 850 907 963 1021 1082 1115
707 0 1 4 10 16 21 27 49 55 63 67 68 81 91 95 96 97 114 115 118 122 124 158 169 170 171 173 178 179 180 184 189 192 197 207 214 215 216 229 231 247 262 270 279 285 290 314 381 422 426 433 463 499 506 536 544 558 566 568 586 638 679 683 714 790 814 822 830 912 931 1029 1146 1175
708 0 11 22 49 55 63 78 88 98 99 113 124 131 132 153 169 171 176 177 179 182 184 189 194 195 197 201 207 220 231 262 265 274 283 299 300 310 314 336 353 415 416 427 470 474 487 495 501 590 614 641 643 989 1009 1066
709 7 9 15 21 24 39 47 48 49 50 51 57 63 64 65 69 78 82 85 87 88 90 94 96 97 111 113 129 130 131 132 134 140 148 151 152 158 159 165 166 167 169 177 178 182 186 188 190 193 194 197 199 200 210 211 213 214 215 235 238 245 252 255 266 269 272 274 280 283 298 303 309 310 311 313 314 336 341 374 377 383 389 398 399 404 413 415 416 417 420 422 427 428 438 442 454 466 467 474 476 479 487 500 539 572 578 609 638 639 642 645 647 663 680 685 690 693 696 701 702 709 710 713 717 718 721 722 727 730 733 763 826 884 894 896 922 930 931 933 938 941 965 984 994 1023 1080 1082 1083 1084 1122 1124 1127 1178 1342
710 3 37 39 49 62 65 70 71 72 77 78 81 82 87 93 94 95 96 98 101 107 137 140 169 170 171 178 193 199 201 207 217 240 291 362 363 374 381 388 391 394 395 398 411 413 417 427 442 456 477 486 533 543 558 574 575 578 609 610 614 642 647 649 678 685 702 714 715 717 718 720 724 725 732 741 748 754 762 766 769 773 777 779 794 914 917 919 922 941 966 1006 1007 1010 1023 1025 1084 1137 1177 1178 1345 1354 1371
711 266 269 299 307 311 340
712 2 6 49 114 115 118 178 247 255 279 291 319 401 462 671 734 749 986 998
713 0 3 10 11 21 27 30 41 49 55 57 63 67 68 72 78 80 81 82 86 89 94 95 97 105 118 119 141 147 152 153 154 158 165 169 170 171 173 176 178 179 192 193 199 201 202 203 213 229 231 234 236 245 246 254 262 265 270 281 285 295 314 406 420 421 453 461 462 466 471 536 578 581 642 645 699 721 732 772 899 912 928 981 986
714 0 10 21 22 24 27 47 48 49 51 55 57 63 68 69 72 78 80 81 82 85 87 90 94 96 97 98 108 114 118 124 128 129 130 131 133 140 148 150 151 156 159 160 165 169 170 171 175 178 182 187 188 190 191 193 194 196 197 199 200 201 202 205 207 208 210 212 213 219 225 231 234 235 245 254 262 271 272 280 290 291 295 297 314 353 363 377 383 400 401 410 414 415 416 419 420 422 425 427 430 434 442 456 461 464 465 469 470 471 472 473 474 475 476 477 478 479 480 481 482 484 485 486 487 489 490 492 495 496 497 498 502 505 506 508 511 517 518 539 558 578 588 589 590 593 597 598 601 614 617 618 619 620 635 638 642 646 647 650 660 678 691 693 694 709 710 718 721 726 775 817 818 929 941 990 1009 1020 1066 1078 1217
715 6 24 49 99 103 108 114 122 123 144 147 219 232 234 242 243 255 259 265 266 271 277 278 279 282 284 286 288 290 296 297 298 299 300 304 309 310 318 324 329 336 339 462 463 466 467 581 586 615 671 728 737 827 864 865 952 965 981 1017 1102 1227
716 14 108 115 118 219 252 254 279 281 297 401 462 536 581 586 671 675 703 728 742 797 822 953 998
717 8 63 68 78 97 159 182 212 213 220 279 282 314 353 374 388 398 422 501 511 607 642 646 647 721 728
718 239 255 259 265 269 283 299 301 303 307 308 311 312 317 329 864 873 874 882 965 1032 1135
719 0 7 14 21 27 49 50 63 68 76 81 96 104 108 124 142 150 158 169 170 171 172 176 178 191 193 194 196 212 213 219 225 226 236 265 266 279 281 283 297 298 313 314 318 322 324 328 353 376 378 389 398 399 419 430 446 462 518 618 619 647 670 706 718 721 725 741 856 915 960 1009 1035 1084 1325
720 6 24 99 114 115 118 121 148 234 283 288 304 307 324 329 449 462 467 499 615 682 734 826 843
721 49 165 166 169 171 255 734
722 255 265 266 269 285 291 298 301 307 310 322 323 324 325 328 329 343 735
723 8 14 18 99 178 242 255 273 283 297 298 318 329 734 850 856 858
724 24 271 291 307 813 814 1029
725 1 11 21 26 27 41 49 66 67 68 69 72 78 79 82 86 87 88 90 93 94 95 97 111 115 118 122 124 125 141 150 153 158 160 161 165 166 169 170 171 173 174 175 183 184 188 192 193 195 196 198 199 200 202 204 205 208 224 225 230 236 243 245 247 256 262 265 268 271 279 288 291 324 388 399 404 417 426 428 429 442 461 474 482 501 502 511 517 532 540 566 578 585 645 665 670 678 725 732 734 761 791 856 963 1175
726 14 24 99 113 114 144 234 279 284 301 318 462 499 664 728 1270
727 297 318 329 350 358 675 734
728 0 6 14 49 99 106 118 122 148 243 255 265 266 291 295 734 982
729 14 27 63 65 68 96 124 133 140 167 187 189 193 194 199 201 204 210 212 213 234 280 353 389 415 422 453 469 476 477 478 487 511 518 590 595 635 642 680 691 918 1009 1371
730 240 242 266 283 297 301 328 676 850 859 910
731 13 18 19 99 104 113 121 134 146 148 218 221 239 270 273 282 283 287 290 299 320 450 506 663 699 730 748 897 923 981 1037 1052 1094 1097 1107
732 14 27 49 81 82 94 96 97 98 140 169 171 188 190 199 201 210 271 272 279 280 285 310 314 415 419 456 469 470 474 476 478 487 489 581 590 591 592 594 685 691 728 737
733 0 8 12 24 49 121 124 178 234 239 255 272 273 282 283 285 297 301 315 329 466 506 676 795
734 124 243 245 283 290 293 506 523 963 1289
735 11 21 31 57 63 88 99 124 134 151 153 157 166 168 170 177 183 184 189 255 353 423 465 466
736 0 3 6 27 49 55 63 68 80 81 88 90 94 95 96 97 106 118 124 125 132 141 148 149 150 158 161 166 169 170 171 172 173 174 175 177 178 180 183 186 188 190 192 193 194 196 199 201 202 205 206 207 211 219 224 225 227 231 235 247 249 255 262 310 314 353 381 404 419 429 446 461 465 487 502 518 519 590 638 646 649 733 892 941
737 21 49 55 68 78 95 96 99 129 169 192 213 298 314 323 329 355 489 517 590 735 1318 1319
738 239 266 283 285 286 291 297 299 336
739 14 21 47 49 55 68 69 78 82 87 97 128 131 169 171 175 177 178 183 191 193 201 212 213 215 231 238 262 271 272 285 310 353 399 422 430 469 470 471 487 556 638 660 685 710 718 728 766 918 1011
740 0 12 13 14 49 99 121 124 255 466 499 581 982
741 99 219 221 239 255 265 266 273 294 295 297 298 299 300 308 404 730 734 856
742 22 124 153 171 234 235 273 299 304 423 470 474 499 590 644 935
743 6 7 8 11 63 95 97 99 121 122 166 187 191 255 299 420 422 483 506 510 590 633
744 0 7 21 23 49 67 78 81 82 88 95 114 129 141 154 169 171 173 178 180 181 183 193 199 201 205 207 223 225 230 262 381 399 426 446 540 556 558 568 586 670
745 0 3 6 7 8 10 11 14 16 22 27 29 30 31 38 46 47 49 55 63 68 69 70 72 78 81 82 85 86 90 92 93 95 96 97 98 99 105 106 108 113 121 124 126 129 130 131 132 133 150 159 160 165 166 169 171 172 173 175 176 177 178 179 180 182 184 185 186 187 189 192 196 199 201 202 205 207 208 212 220 225 231 232 259 262 265 266 271 273 276 282 283 284 285 289 299 300 301 302 310 311 312 314 316 323 329 343 353 386 399 400 404 412 414 415 419 422 424 425 427 434 452 453 458 465 466 469 470 471 472 473 474 476 477 479 483 484 485 487 488 489 491 492 493 495 496 499 500 501 502 505 508 510 512 515 516 517 520 521 522 548 570 572 574 578 585 590 591 593 595 602 618 621 626 631 635 637 638 640 641 646 648 650 679 691 701 721 722 775 823 825 842 864 876 896 918 922 931 985 990 991 1011 1015 1063 1099 1107 1152 1161 1162 1280 1366
746 0 3 6 7 21 47 49 55 57 63 68 78 85 88 95 96 111 132 141 150 166 169 170 171 172 173 176 177 178 179 180 183 184 185 186 191 192 205 206 213 219 231 234 247 255 297 314 319 324 404 417 420 422 465 470 474 487 489 505 506 518 578 590 620 641 644 695 718 734 795 828
747 0 1 3 10 14 21 24 30 46 48 49 63 67 68 70 72 78 81 84 85 86 87 88 93 95 97 98 100 114 122 124 129 130 131 132 133 136 138 139 140 141 142 148 150 151 156 165 169 170 171 173 175 176 177 178 180 182 183 188 191 192 193 194 196 197 199 200 201 202 205 206 207 208 212 213 220 223 224 225 228 229 230 231 236 242 255 268 270 277 281 288 289 290 295 297 318 322 324 352 353 362 374 389 398 399 400 402 410 414 415 416 419 424 425 426 429 430 434 456 461 463 469 471 474 475 476 486 487 489 492 501 502 512 514 517 518 522 540 558 576 584 590 596 615 620 623 642 645 646 648 650 671 672 691 715 718 721 728 732 741 766 818 856 914 917 924 941 947 949 986 998 1011 1101 1143 1185 1423
748 266 267 268 283 285 291 298 300 301 302 303 323 324 856
749 1 20 24 27 41 49 54 55 61 69 78 81 82 86 87 90 94 95 97 98 99 100 114 118 128 139 140 141 150 165 169 170 171 175 176 178 190 191 193 199 201 206 207 210 211 212 213 224 236 245 254 266 267 269 271 298 299 312 343 363 381 390 414 415 423 426 427 429 431 471 472 474 476 478 481 485 488 528 529 549 568 578 585 590 618 639 646 647 694 695 721 722 723 732 737 741 769 977 981
750 256 266 267 268 269 285 298 299 302 303 304 323 327 328 336 340 342 343 344 346 354 530 669 676 734 737 859 876 878 880 965 1198 1340
751 21 49 68 70 78 97 131 170 171 190 191 196 208 212 239 266 269 291 301 310 312 353 355 422 430 453 474 475 501 506 514 518 640 644 874
752 8 14 114 124 273 279 290 292 450 467 468 606 910 986
753 242 255 266 283 297 299 301 307 308 319 324 529 676 856 857 910
754 0 7 29 49 65 78 88 95 99 108 114 140 144 148 152 156 168 173 175 178 180 207 248 253 286 297 363 398 416 417 427 556 578 581 590 725 892 979 1030 1044 1084 1113 1195
755 0 3 6 10 21 23 26 30 49 55 63 67 70 78 81 88 90 94 95 96 97 100 114 141 145 148 169 170 171 173 176 180 190 192 193 195 199 200 201 202 203 207 219 224 225 227 245 247 254 255 273 285 295 329 399 401 426 428 462 506 539 549 558 638 665 670 679 728 791 872 912 1043
756 3 6 7 11 12 13 19 22 23 24 25 27 32 49 52 55 57 63 68 78 80 81 87 90 92 95 97 99 105 113 114 119 121 124 125 126 131 132 134 136 138 140 141 144 147 148 149 150 151 160 165 167 168 169 170 171 172 173 174 176 178 180 181 182 183 188 189 192 193 196 197 199 200 201 205 206 207 208 209 210 213 215 219 220 221 224 227 231 232 233 234 235 245 246 247 250 254 255 259 266 267 268 269 270 282 283 284 285 287 288 289 291 294 295 299 300 302 308 310 311 312 315 316 320 327 328 334 338 341 346 348 349 351 358 360 369 376 380 381 389 401 407 408 410 415 417 420 422 423 425 428 430 438 439 446 453 465 466 470 471 472 473 474 475 480 493 496 499 500 503 505 511 517 518 520 522 524 532 537 540 556 557 558 561 566 568 570 577 590 594 595 603 606 615 616 621 627 637 639 641 643 644 670 671 691 701 718 721 728 732 737 765 773 802 812 818 841 842 864 872 873 892 895 940 967 971 977 982 986 989 992 993 1004 1009 1016 1022 1052 1063 1076 1107 1108 1121 1228
757 0 49 114 115 118 178 217 219 254 255 272 291 295 297 319 324 328 401 462 728 734 742 910 986
758 70 108 122 192 201 255 275 285 361 442 591 725 734 762 826 850 1007 1100
759 6 14 49 114 144 145 178 202 219 234 242 255 272 275 279 280 285 290 292 536 615 734 821 841 897 1119
760 170 267 271 283 299 466 506 852 928
761 0 3 4 10 11 15 21 24 25 38 49 54 55 58 59 60 68 69 78 84 87 97 98 99 124 132 134 148 150 154 159 161 165 170 171 173 187 188 191 192 193 194 195 197 206 209 210 219 221 235 272 280 283 353 378 388 414 427 452 453 457 460 466 474 489 496 498 500 501 506 509 578 594 596 612 616 689 716 728 826 932 933 1035 1094 1216
762 0 6 8 10 14 21 27 30 55 63 68 69 70 76 88 94 97 98 99 108 114 118 122 129 140 148 171 173 197 199 213 215 219 224 234 242 252 272 275 277 279 281 283 286 314 352 401 414 427 487 518 522 578 584 586 620 660 678 826 841 843 912 919 982 998 1016 1178
763 9 13 24 41 124 134 148 167 239 272 280 282 283 513 828 943 979
764 7 22 27 49 51 52 64 68 88 90 124 129 131 132 165 170 175 176 177 178 179 180 182 184 185 188 189 195 202 205 208 209 214 231 235 269 314 353 374 410 423 424 429 431 465 472 475 484 487 489 505 510 511 512 518 521 589 591 620 633 641 650 691 733 940 1091
765 0 21 27 55 97 99 138 160 167 169 174 177 180 184 204 219 239 297 340 427 469 472 474 477 486 496 497 515 635 644 646 710 894 1038 1086
766 0 8 13 24 49 64 69 99 114 118 124 170 219 234 254 269 272 279 285 297 298 307 310 328 401 467 581 938
767 0 12 108 115 118 219 266 467 536
768 0 6 13 14 24 92 99 108 114 115 126 148 219 241 243 247 250 252 254 255 265 272 279 285 286 292 294 295 297 298 300 319 321 322 329 330 406 464 466 468 499 536 585 728 734 795 852 892 897 902 909 982
769 0 7 14 27 49 68 70 82 85 87 90 94 108 111 131 134 166 169 170 178 186 199 213 234 239 248 255 271 272 280 286 291 301 399 404 468 487 533 578 585 639 676 693 695 754 922 963 1094
770 242 255 261 268 269 291 297 299 301 304 307 310 311 317 318 319 322 323 324 327 328 340 350 664 856
771 12 13 22 31 44 46 49 58 59 60 63 88 89 90 91 97 99 106 124 149 150 151 165 166 167 168 169 172 173 176 178 179 180 182 184 186 188 193 195 197 206 213 232 235 236 255 265 314 353 360 404 423 427 446 453 500 513 522 537 626 662 765 775 892 930 931 991 1039 1062 1204 1275 1351 1388
772 49 52 68 97 124 173 174 175 176 177 179 180 190 196 199 202 224 225 235 238 426 510 517 519 521 631 665 763
773 255 266 269 283 297 302 304 310 311 323 327 329 339 340 341 736 864
774 4 6 21 22 27 49 88 90 94 97 106 124 131 132 165 171 174 176 178 181 182 184 188 189 191 197 214 215 231 235 273 314 426 431 465 470 474 477 500 501 502 505 514 515 539 549 578 590 594 622 643 665 694
775 0 8 14 41 55 114 165 177 193 199 201 202 209 213 220 235 242 270 285 353 500 512 513 514 518 676 678 800
776 6 10 27 41 97 141 151 165 171 177 183 190 192 194 197 201 206 223 236 262 363 540 603
777 0 14 20 49 70 94 108 114 115 122 178 192 219 232 240 252 254 255 272 291 324 438 462 585 899 998
778 21 27 49 78 96 130 161 169 171 183 184 196 199 201 207 213 272 283 310 314 335 353 415 419 476 482 487 489 501 502 511 517 646 649 691 864
779 49 63 86 96 99 124 131 169 171 176 177 178 184 188 192 201 202 207 220 299 320 323 399 465 474 514 1369
780 124 241 242 245 247 252 255 261 267 269 285 289 295 297 301 304 305 307 309 310 311 312 318 322 324 326 328 344 346 354 529 668 676 734 735 736 738 850 857 864 872 881 1008 1223 1287 1291 1293 1445
781 255 257 261 266 268 289 296 297 298 304 324 329 339 341 342 736 849 853 857 858 864
782 255 257 266 269 289 297 299 300 301 304 307 310 311 319 322 323 327 328 329 340 342 664 676 736 737 854
783 0 11 21 49 55 68 78 165 171 180 192 266 291 298 314 487
784 0 3 6 8 27 49 65 68 69 70 81 85 87 88 94 96 97 98 99 101 108 114 122 123 124 129 130 140 158 169 170 171 173 174 176 177 178 180 183 184 185 188 192 193 195 196 197 199 200 201 205 207 208 213 219 225 227 234 235 262 272 278 280 283 314 353 381 400 401 412 414 415 419 424 456 462 475 487 488 492 495 511 519 536 578 620 642 670 678 685 694 710 718 1014
785 255 256 265 297 301 304 307 308 310 322 343 344 676 677 734 735 736 737 856
786 6 8 9 11 21 27 43 50 53 54 57 63 64 68 69 78 88 97 99 114 118 129 130 141 154 173 177 180 182 184 185 189 190 191 196 197 200 202 208 215 220 223 234 238 255 278 279 283 286 288 297 299 313 314 318 322 324 327 352 353 401 419 434 436 442 473 474 489 494 495 501 502 510 511 512 514 519 522 539 556 572 579 588 601 614 638 644 648 670 712 715 730 740 856 935 1091
787 8 49 92 99 121 124 126 147 273 290 466 499 727 977 978 982
788 6 14 21 41 49 51 55 64 72 78 88 97 113 114 141 148 151 158 165 169 171 178 180 185 200 207 208 213 214 227 228 229 234 238 243 245 262 265 270 272 279 281 285 295 313 361 363 376 397 399 408 422 431 461 540 574 671 702 725 728 748 757 760 766 830 841 922 1014 1018 1033 1084 1227 1329
789 8 49 242 266 272 286 297 299 301 303 318 323 324 328 740
790 0 6 12 14 99 118 121 126 144 462 748 825 985 1155 1263
791 0 2 49 99 106 114 124 126 145 147 148 178 237 245 247 249 254 279 285 290 291 295 499 825 1037 1107
792 0 12 13 18 23 49 99 106 113 124 134 147 178 184 218 221 235 239 254 266 270 272 282 416 446 464 466 505 506 547 828 864 909 1203
793 3 6 7 9 11 24 27 38 57 61 80 88 90 94 99 114 120 141 149 165 166 170 171 172 178 179 181 188 198 205 206 207 211 228 231 315 378 426 428 505 571 573 578 627 691 892 1066
794 1 3 4 7 11 14 21 30 37 42 49 53 55 61 63 65 68 70 76 78 85 86 87 88 94 95 97 108 109 114 115 118 122 124 129 140 141 144 148 150 152 158 165 169 170 171 173 178 179 180 182 184 188 191 192 193 195 197 199 201 210 212 213 214 216 219 224 225 227 230 233 234 247 254 255 262 267 268 269 271 272 275 277 278 279 288 290 295 297 304 310 311 312 314 322 324 329 338 352 353 363 367 374 381 385 387 389 395 398 399 401 413 414 415 419 422 424 426 429 439 440 442 469 470 471 474 475 477 478 482 487 491 502 507 516 536 543 556 558 563 568 578 586 590 593 594 598 602 615 620 647 649 665 670 671 678 685 691 706 718 725 733 734 737 741 755 762 763 766 768 769 777 779 791 797 803 830 846 856 905 918 922 1006 1009 1011 1012 1019 1057 1066 1084 1185 1217 1230
795 49 124 178 254
796 0 1 14 20 27 28 37 48 49 61 62 72 78 81 82 87 94 107 115 118 129 137 140 161 165 169 170 171 178 188 191 201 207 222 236 240 251 254 255 256 262 271 272 278 280 319 374 390 395 399 401 414 415 427 456 476 477 482 558 578 646 673 676 678 689 691 695 706 714 722 732 734 754 787 797 803 808 809 810 813 820 826 855 899 903 905 917 1005 1067 1194 1202 1228 1314 1329 1380 1395
797 44 49 124 170 171 255 283 289 303 315 317 327 470 490 641 1033 1399
798 0 14 24 49 118 124 178 219 220 254 272 286 289 297 401 586 728 737 841
799 265 268 285 291 297 298 299 304 310 322 324 328 329 339 350 668 738 872
800 6 52 97 132 173 180 181 191 197 198 216 231 255 257 261 291 296 297 299 319 322 327 329 375 431 434 435 443 557 563 633 644 652 657 664 667 734 755 856
801 239 242 266 283 300 302 303 308 317 321 336 529 676 864
802 0 1 3 6 9 10 21 22 23 24 27 30 32 49 54 61 62 63 68 69 70 71 78 80 81 84 86 88 90 93 95 96 97 98 99 115 118 120 122 125 129 131 141 149 150 153 154 156 157 158 161 165 169 170 171 172 173 174 177 178 179 180 181 182 183 184 185 188 189 190 191 192 193 194 195 196 199 200 201 202 205 207 208 212 213 215 219 223 224 225 226 227 228 230 231 232 234 235 236 237 242 247 249 251 254 256 262 279 281 287 288 291 304 307 314 318 319 324 353 361 362 374 376 381 395 401 409 410 420 424 426 428 429 431 434 435 436 446 459 464 465 470 471 474 487 489 501 502 504 505 506 511 514 517 518 519 520 540 542 556 558 566 574 578 590 602 626 633 634 638 642 644 649 650 657 661 664 665 671 678 718 725 728 732 734 749 780 802 822 898 899 901 941 953 955 958 986 995 1026 1048 1423
803 0 4 6 11 16 23 24 31 32 44 46 49 54 55 57 78 82 85 88 90 92 95 97 99 101 103 119 120 125 132 134 139 144 147 148 150 151 165 166 169 170 172 173 176 180 182 187 188 194 197 206 219 220 231 235 245 266 313 319 327 339 342 353 363 378 392 397 399 415 416 418 420 423 427 428 434 438 442 446 460 461 464 466 468 492 500 510 513 516 528 548 566 590 618 623 629 632 635 648 651 652 664 665 695 701 702 705 721 757 788 809 812 836 895 925 968 978 984 1035 1041 1066 1075 1083 1113 1119 1129 1431
804 0 11 16 28 44 46 49 55 80 81 87 88 89 94 95 97 99 118 124 130 140 141 147 150 153 165 166 167 171 172 173 176 177 179 183 184 189 193 194 197 201 207 213 219 225 227 231 235 246 254 262 270 299 314 399 404 415 417 428 452 466 474 475 476 487 495 502 578 641 691 772 836 982 988 1041 1063
805 0 1 7 20 21 27 28 49 62 67 68 70 78 81 88 90 94 98 100 101 114 115 118 129 130 132 133 140 141 148 158 165 169 171 174 178 183 190 191 196 201 205 207 208 219 224 225 226 227 228 236 247 249 254 262 286 295 297 310 314 369 376 380 381 382 389 395 398 399 401 414 415 418 419 422 423 426 427 440 441 442 456 461 462 463 468 474 475 476 482 486 487 489 501 502 506 511 517 518 519 532 533 536 540 544 556 560 566 568 574 578 585 586 589 599 614 617 620 623 644 646 665 670 685 691 706 725 734 743 812 823 903 940 941 986 1004 1009 1020 1033 1036 1047 1051 1056 1103 1306 1357 1423
806 242 259 261 267 283 291 297 299 310 323 328 329 336 734 736 849 852
807 269 283 297 299 304 310 311 324 336
808 240 266 283 286 291 297 298 301 310 317 319 324 327 329 334 335 338 664 855 856 858 878
809 255 283 291 297 298 301 304 305 311 319 664 676 869 872 958
810 285 291 297 322 324 328 329 664 668 734 858
811 267 268 286 297 304 307 676 736 737
812 6 52 97 99 197 216 285
813 0 6 8 27 30 49 56 64 68 70 76 78 81 82 85 86 87 88 95 96 97 98 111 122 129 130 131 133 138 140 141 148 150 151 160 169 170 171 173 178 180 187 188 190 192 193 196 197 199 200 201 211 212 219 225 227 236 255 262 310 314 353 388 389 398 399 400 401 413 414 419 427 430 456 470 474 475 476 485 487 506 512 514 515 517 518 519 520 533 578 585 600 612 616 618 634 646 647 658 670 672 691 699 718 721 818 892 918 941 1009 1162
814 240 261 268 285 297 306 310 318 319 322 324 327 328 338 339 345 664 676 995
815 0 6 23 114 121 126 219 270 285 291 323 324 325 354 536 734 853
816 242 255 268 283 285 299 300 310 312 324 342 737
817 69 144 174 179 243 245 265 283 297 299 300 301 315 317 323 336 341 342 377 524 730 1122 1394
818 283 285 299 310 329 343
819 0 13 14 21 27 55 63 69 78 94 96 97 108 122 123 129 148 158 171 177 178 210 231 234 271 272 291 314 353 385 401 422 430 450 462 467 474 475 486 495 500 691 693 728 826 963 1030 1051 1155
820 0 70 94 166 186 329 404 878 1075
821 0 3 6 7 11 12 21 25 30 41 47 49 52 54 55 57 63 65 68 76 78 80 86 87 88 89 91 94 95 96 97 99 101 108 121 122 124 131 132 133 138 140 141 147 148 149 150 151 153 154 157 165 167 169 170 171 172 173 177 178 179 180 183 184 185 188 190 191 192 193 194 195 199 201 203 206 207 208 212 213 215 230 231 234 235 236 271 283 314 397 400 404 406 414 415 419 420 421 422 423 428 450 465 466 469 493 494 505 508 522 556 593 612 618 629 638 641 642 646 647 670 672 678 694 696 701 707 718 721 725 728 733 748 756 892 1037 1040 1215
822 256 265 318
823 6 11 24 49 97 99 103 114 115 118 122 144 145 171 173 178 192 219 234 240 242 245 247 249 254 255 270 271 279 287 288 291 295 304 318 319 321 322 359 381 401 419 446 463 482 499 506 536 556 581 586 606 615 664 671 673 703 727 728 732 734 805 807 809 814 821 822 843 898 899 903 951 953 955 957 1004 1021 1157 1199
824 0 3 10 21 38 49 52 54 55 61 70 78 88 90 91 94 95 100 101 124 169 171 173 174 178 179 180 184 185 192 207 223 224 226 227 230 238 255 262 268 291 306 310 332 339 381 387 395 399 426 430 440 501 544 558 560 566 568 576 578 611 614 638 652 664 734 785 830 1176 1194 1195
825 265 266 291 298 299 339 734
826 13 18 23 44 58 59 60 113 176 195 204 266 267 283 299 300 312 323 327 336 342 466 503 522 639 739 864 873 878 879 894 930 932 943 1032 1038 1043 1342
827 0 12 69 85 99 113 126 148 150 167 186 187 189 195 209 210 219 254 265 272 273 283 310 314 315 404 422 453 466 500 503 506 520 572 626 691 835 1037 1086 1151
828 0 14 21 49 68 70 78 86 87 88 96 97 99 123 124 158 169 170 171 174 178 180 190 191 194 199 200 202 207 208 223 238 262 307 310 381 395 398 399 422 430 442 465 471 475 478 489 501 502 514 540 544 558 578 599 600 620 635 638 648 678 718 725 818 898 940
829 0 6 11 21 30 49 55 63 82 95 99 141 153 171 178 194 201 207 247 267 269 291 295 310 313 322 327 329 336 350 470 581 590 676 699 736 881 982 1033
830 291 304 310 322
831 10 11 22 23 29 31 46 55 67 88 92 95 99 124 131 132 141 148 151 153 157 165 172 174 176 177 179 180 182 184 185 188 189 192 195 197 198 199 200 202 203 206 215 216 220 232 237 268 290 295 316 321 336 342 353 377 425 427 436 438 465 474 479 495 499 502 503 512 517 548 579 603 615 628 633 634 640 641 643 644 658 660 662 716 731 788 834 896 904 906 916 982 987 989 1040 1108 1113 1117 1145 1171 1187 1288 1413
832 6 14 49 99 114 124 145 147 148 178 234 242 243 255 266 269 273 279 281 283 285 289 295 304 310 311 312 322 329 339 343 401 466 506 535 615 730 863
833 14 24 27 49 68 96 97 124 128 129 130 132 140 154 159 171 173 176 177 180 182 183 184 188 190 191 193 194 197 207 212 213 231 234 236 269 278 282 284 307 310 314 321 353 367 374 389 417 419 422 449 475 476 477 479 490 495 500 518 534 581 593 596 597 599 603 619 620 637 641 647 660 671 694 721 1015 1033 1116 1223
834 11 55 88 160 162 167 171 177 182 184 189 207 213 235 255 266 289 299 314 320 353 424 487 498 514 522 590 598 641 644 646 857 1035
835 12 18 19 108 122 148 217 255 271 272 280 282 283 286 291 324 726 979
836 0 6 7 8 11 21 23 27 44 49 55 59 68 69 71 81 82 86 95 99 108 111 121 124 125 140 150 165 166 169 170 171 176 178 187 188 201 203 207 219 225 235 246 252 254 255 268 271 272 273 280 283 286 299 308 310 314 381 401 404 415 446 471 478 485 488 558 574 585 691 699 704 718 736 892 918 975 1009 1080
837 0 49 92 108 114 124 126 232 255 282 283 319 322 329 446 449 466 795 807 826 923 1200
838 6 7 13 22 44 49 55 63 68 78 80 82 87 88 90 97 98 99 124 129 132 134 140 149 154 160 162 163 165 166 167 170 171 172 176 177 179 180 182 183 187 188 192 193 194 196 199 200 201 205 206 209 210 212 213 218 231 235 249 269 282 294 300 353 363 401 410 415 419 423 425 427 430 434 454 456 464 465 470 471 474 475 483 484 487 488 489 490 492 494 496 497 498 502 503 504 505 506 507 508 510 511 512 516 517 519 520 522 556 572 578 590 593 594 596 598 602 603 615 618 626 629 631 634 637 640 641 642 643 644 646 648 650 662 691 693 694 723 733 736 742 826 835 861 909 922 943 1035 1214 1333 1434
839 255 267 268 269 283 297 299 303 304 310 311 312 318 322 327 329 664 675 734 740 850 865
840 265 266 267 269 299 300 303 310 320 329 336 735 737 738 851 863 1294
841 6 61 88 138 171 172 173 176 180 192 202 214 225 231 247 255 267 268 285 424 429 434 439 551 623 662 665 676 783 812
842 1 11 21 23 44 49 54 55 68 69 82 94 99 114 148 165 169 170 171 178 204 207 213 238 248 254 255 314 417 426 543 558 578 763 894 1009 1350
843 239 266 283 305 307 308 310 676 879 1190 1293 1320
844 1 3 7 10 11 21 22 25 27 30 32 41 45 46 47 49 50 51 54 55 57 58 59 63 65 66 68 69 70 71 72 75 78 79 82 85 86 87 88 90 91 93 95 96 97 98 100 124 129 130 131 132 137 138 140 158 165 169 170 171 172 173 175 176 177 178 179 180 181 182 183 184 187 188 189 190 191 192 193 194 195 196 197 199 200 202 205 206 207 209 212 213 214 215 216 223 224 225 230 231 235 236 238 262 265 266 268 285 286 299 314 353 363 374 377 381 392 397 400 410 413 415 417 419 420 422 426 428 430 431 433 434 439 442 454 459 461 465 469 470 471 473 474 475 476 477 478 479 480 481 484 485 486 488 489 490 495 496 500 501 502 504 506 507 509 510 511 514 516 517 518 519 521 539 540 542 544 548 549 552 556 558 560 566 570 571 578 588 589 590 591 593 595 596 597 599 601 602 609 614 625 629 635 637 641 644 646 648 650 652 659 660 661 670 679 683 688 701 706 707 713 714 715 718 722 723 724 725 737 754 756 758 763 765 769 770 771 772 775 777 817 818 915 988 1005 1011 1020 1039 1072 1083 1089 1127 1175 1201 1231 1308 1333 1349 1352
845 7 49 70 76 81 94 95 97 106 132 141 148 150 165 169 170 171 178 180 188 192 195 199 201 208 216 217 219 225 236 255 259 285 286 287 298 368 439 465 467 487 490 558 639 718 721 726 977 1053 1102 1122 1126 1299
846 24 31 49 70 71 81 87 88 94 96 105 106 118 122 129 130 131 132 138 148 149 150 151 160 161 162 163 167 169 170 171 173 176 178 183 188 193 194 196 199 201 204 206 207 212 213 231 235 238 262 291 314 353 389 399 401 415 417 419 422 423 425 426 434 442 453 465 469 470 471 474 475 476 480 481 489 500 502 503 505 508 510 511 514 520 521 556 572 590 593 597 602 625 629 634 637 641 642 650 694 718 725 733 741 787 826 835 918 943 945 991 1033 1066 1083 1091
847 14 26 37 115 118 140 169 171 194 204 231 285 295 402 417 422 558 578 612 620 663 901
848 7 14 27 49 68 70 78 81 87 94 95 96 118 129 150 165 169 170 171 178 199 201 205 207 225 291 297 314 381 415 430 471 476 481 487 510 556 558 574 635 646 691 728 941
849 3 7 8 10 11 16 21 22 26 30 47 49 55 63 70 78 91 94 106 118 120 122 124 125 126 129 141 144 154 157 169 171 173 177 179 189 190 201 220 225 228 231 235 237 245 247 255 259 268 269 270 283 287 288 292 295 296 299 300 304 307 310 314 323 329 332 335 336 342 343 351 359 401 406 430 464 466 471 474 518 535 543 578 581 586 606 671 676 679 728 737 746 788 806 807 808 812 852 856 885 897 986 1070 1108 1200 1225
850 0 49 99 114 115 118 124 148 178 232 247 254 256 287 404 497 506 536 667 802 822 941 1022
851 267 285 289 296 297 299 301 329 664 668 856 857 1225
852 6 7 8 10 11 13 22 23 31 41 49 54 55 63 68 78 82 86 88 92 97 99 121 124 129 131 132 148 150 165 167 168 170 172 177 182 185 188 194 197 200 217 219 220 235 247 255 266 267 268 270 272 282 285 290 294 314 353 378 401 419 460 466 470 474 478 479 483 484 490 496 498 499 500 502 505 519 590 591 593 603 619 651 691 695 699 835 892 895 897 951 1183
853 162 163 195 453 466 501 503 625 835
854 255 269 283 291 297 304 310 311 312 323 676 736
855 13 18 113 255 256 280 317 466 874
856 8 124 266 283 329 506 675 740 1276
857 2 14 24 108 246 273 284 285 290 310 377 406 466 467 526 748 749 827 928 978 979 984 1031 1252 1258
858 3 55 69 99 150 199 201 213 259 280 282 283 297 299 302 307 308 310 343 499 505 508 676 678 701 718 842
859 13 19 44 51 69 82 85 113 167 210 239 272 283 286 289 298 302 315 377 378 453 500 520 522 537 574 700 722 726 910 979 1184
860 6 9 10 11 21 23 44 49 58 59 60 63 68 69 78 80 81 88 90 91 95 96 97 98 99 108 114 118 124 129 132 138 140 144 148 165 169 170 171 172 173 174 176 177 178 179 180 182 184 185 190 192 193 194 195 196 197 199 200 202 207 208 212 213 219 225 235 247 254 255 257 262 268 273 279 285 402 409 419 424 426 427 428 429 430 453 458 463 465 467 469 470 471 474 475 476 486 487 489 496 506 510 511 512 517 535 536 549 590 620 634 637 638 642 644 645 664 723 728 734 753 772 802 805 807 826 843 892 901 903 941 949 951 953 979 981 1020 1059 1074 1075 1082
861 239 255 265 268 269 283 285 286 291 297 298 299 302 303 304 307 310 311 312 317 320 322 323 324 327 328 329 330 339 340 342 351 357 676 736 737 738 859 872 878 882 1032 1092 1192 1198 1236 1294
862 0 1 3 4 6 7 8 10 11 12 14 21 23 24 27 28 30 43 46 47 49 51 52 53 54 55 57 61 63 66 68 69 71 72 76 78 81 85 86 87 90 93 94 95 96 97 99 101 106 111 113 114 115 118 120 121 122 124 125 129 130 131 133 134 140 141 142 148 150 154 156 158 160 161 164 165 166 169 170 171 173 175 178 180 181 183 186 187 188 191 192 193 194 197 198 199 200 201 205 207 212 213 214 215 216 219 220 224 225 226 229 231 232 234 235 236 242 255 262 270 272 273 280 283 285 291 313 314 324 329 339 345 352 353 363 387 395 397 399 400 401 404 415 419 434 442 457 461 462 463 464 465 474 487 500 502 514 517 522 533 536 540 549 551 552 556 558 581 585 586 590 612 615 638 642 647 650 664 670 671 679 701 715 718 721 722 728 741 772 787 912 938 941 963 986 1066 1074
863 6 23 99 166 186 255 265 299 404 446 466 537 730 828 892 979 1195
864 300 303 311 343 876
865 0 6 8 11 21 22 27 30 49 55 63 67 78 88 95 97 131 132 147 153 165 169 171 172 177 178 179 183 185 188 192 194 195 200 201 204 207 219 225 247 254 267 283 286 292 314 324 426 465 466 471 474 487 489 502 515 519 520 590 637 638 639 642 644 647 676 734 835 1009 1035 1117 1121
866 0 6 11 22 49 54 58 60 63 80 88 97 99 100 111 124 125 129 132 133 147 148 157 166 169 170 171 173 175 176 177 178 180 184 186 195 196 203 206 207 225 231 235 237 265 313 323 378 404 408 421 422 428 446 465 466 471 497 511 579 602 618 627 633 638 642 695 741 748 834 892 895 1063 1195
867 49 99 113 124 148 234 237 250 266 272 273 307 407 408 506 984
868 0 5 6 8 9 10 11 12 16 21 22 27 30 44 47 55 57 63 65 68 69 78 82 86 89 91 94 95 97 99 121 124 128 129 131 151 165 166 167 168 169 171 174 175 176 178 179 182 183 185 189 190 192 194 195 200 201 205 206 207 213 215 220 235 245 250 255 262 273 283 285 299 310 313 314 323 350 353 363 382 420 422 423 438 452 453 457 460 462 465 466 468 470 471 472 474 478 480 487 488 490 494 495 496 504 505 511 514 518 519 548 558 572 579 590 593 595 628 629 633 634 636 640 641 642 644 645 646 660 679 683 699 710 749 756 758 772 776 795 918 931 1043 1063 1099 1445
869 21 49 55 78 95 118 124 144 158 169 170 171 174 179 184 192 199 207 223 255 267 268 273 297 298 299 310 322 338 343 506 517 565 737 1289 1319
870 108 114 115 118 234 255 269 279 285 297 307 310 324 350 359 401 536 586 615 671 703 728 742 797 870 872 881 898 899 905 946 947 1017 1031
871 289 291 297 310 322 338
872 13 99 113 121 124 134 147 179 188 194 272 273 282 283 286 299 302 303 308 353 505 512
873 11 27 31 41 49 55 63 95 97 128 130 131 132 166 168 169 170 171 173 176 177 178 180 182 184 192 208 210 255 265 266 285 286 299 323 329 330 353 414 417 419 423 452 453 465 469 470 471 472 487 492 495 502 503 505 509 514 518 572 590 638 639 641 693 758 788 894 896 910 935 936 1043 1068
874 18 21 47 171 175 184 235 273 283 291 314 430 502 514 518 520 591
875 13 30 51 54 55 58 59 60 69 78 85 87 97 156 167 170 173 182 194 199 200 213 225 234 238 255 266 267 268 271 272 322 329 367 377 442 454 466 506 522 529 539 543 547 556 574 649 676 678 688 713 718 724 725 730 734 894 928 943 1301
876 8 13 14 18 49 50 56 59 63 70 87 97 98 108 124 133 149 150 162 163 165 167 169 176 188 191 194 199 213 266 272 282 283 313 314 398 412 422 430 453 465 472 473 487 489 500 502 503 505 506 508 520 539 572 574 646 650 678 718 722 777 894 1113
877 0 14 24 49 114 118 122 124 178 219 234 252 273 279 289 301 671 749 843
878 0 3 7 10 11 21 22 24 27 30 38 41 43 46 49 52 55 63 64 67 68 69 70 78 80 86 91 92 95 96 97 99 106 108 114 120 121 124 134 137 141 144 147 148 153 169 171 173 174 176 177 178 179 181 182 183 184 185 188 191 192 197 198 199 201 205 207 214 215 219 223 229 230 231 234 235 236 237 243 245 246 254 255 257 265 266 269 270 273 278 281 284 285 290 291 292 295 296 298 299 304 311 312 314 324 325 342 343 344 352 353 359 363 375 377 381 401 406 407 414 419 430 452 458 461 462 466 499 518 539 540 558 578 581 590 606 610 612 638 642 644 670 671 675 679 714 717 718 728 732 734 747 748 756 776 777 806 807 812 814 853 858 878 921 962 982 984 986 1005 1011 1014 1029 1099 1104 1119 1168 1179 1215 1222 1229 1329 1344 1365 1445
879 0 6 7 10 12 21 22 27 30 48 50 53 61 62 63 70 78 81 88 94 97 99 103 114 115 118 122 124 126 130 131 132 133 140 169 171 173 174 176 177 178 180 182 184 185 188 189 190 192 196 199 201 202 211 213 215 219 224 226 227 254 262 273 279 318 329 353 376 381 388 389 395 401 410 415 419 425 434 438 463 468 469 471 474 475 481 486 489 497 502 505 506 511 512 514 515 517 519 521 536 551 556 558 570 588 602 612 617 629 638 641 642 650 718 725 728 741 742 916 1089 1174
880 0 3 6 7 10 14 27 49 55 65 68 70 78 81 85 88 94 95 97 98 114 115 118 128 129 130 132 140 144 148 165 169 170 171 173 174 177 178 180 182 183 188 190 192 193 196 199 200 201 202 205 207 208 212 213 219 222 224 225 227 234 240 262 272 287 288 291 353 374 376 389 401 405 412 415 416 419 422 424 427 461 462 487 492 501 506 517 556 558 572 578 586 603 678 725 732 734 905 958 1081 1327
881 3 6 7 8 9 11 12 15 19 23 29 38 44 47 49 52 54 55 58 59 60 63 64 67 71 78 80 87 88 95 99 110 113 121 124 126 131 132 134 141 148 150 151 165 169 170 171 172 173 180 182 187 192 194 195 196 199 201 205 207 208 209 213 221 225 226 231 235 238 248 253 254 267 270 272 273 274 280 282 286 299 308 312 314 318 319 334 338 342 343 350 351 363 383 395 399 404 417 425 430 446 452 453 455 468 470 478 481 495 497 502 503 504 505 506 507 508 510 514 520 539 543 579 590 634 635 643 648 652 679 680 695 701 710 726 731 734 756 763 775 777 787 828 836 844 859 873 876 878 892 895 918 928 929 959 975 979 982 989 991 1015 1035 1044 1080 1083 1096 1130 1179 1232 1330 1339 1410 1442
882 8 13 69 99 113 124 176 195 209 210 255 265 266 272 282 378 453 454 466 500 501 506 520 572 625 894 1043
883 0 24 27 68 69 70 78 81 87 94 96 98 108 114 148 158 166 170 171 183 186 192 201 207 234 271 297 314 401 414 415 416 419 423 427 467 529 558 578 585 647 725 797 922
884 0 1 6 8 10 11 16 21 22 23 25 27 32 41 46 47 48 49 54 55 57 63 66 70 75 78 80 86 88 93 94 97 99 100 105 124 125 126 141 144 147 153 154 158 161 165 168 169 170 171 172 173 174 175 177 178 179 180 181 183 184 185 188 192 206 213 219 225 234 238 262 265 285 314 353 363 399 406 420 458 465 466 474 487 497 509 535 540 568 571 574 618 638 642 644 646 650 672 679 696 707 719 747 748 766 773 795 801 806 814 892 912 980 989 1018 1035 1037 1043 1084 1174 1343
885 0 6 7 21 23 27 37 46 49 55 64 68 70 71 81 83 86 89 90 94 95 98 106 108 112 115 118 119 122 125 129 137 140 148 161 165 169 173 177 178 184 192 199 201 203 207 215 222 225 237 249 251 254 276 281 285 286 291 302 314 361 364 365 374 381 389 400 401 405 406 407 408 414 416 417 422 427 434 446 456 463 464 487 492 549 552 568 578 585 586 596 620 660 678 696 706 741 742 746 749 754 820 826 848 899 901 907 919 941 963 983 985 998 1003 1005 1017 1021 1030 1051 1081 1085 1101 1228 1286 1309 1365 1395
886 68 99 108 134 150 177 188 199 234 266 283 505 526 618 631 748 775 846
887 2 8 10 11 12 16 23 25 27 31 32 41 49 54 55 58 63 64 80 81 82 85 86 88 90 93 94 95 97 99 114 118 121 122 124 125 126 129 131 134 141 147 150 151 153 157 158 161 165 166 167 168 169 170 171 172 174 175 177 178 179 182 183 184 185 188 190 191 192 193 196 201 205 207 208 213 220 231 234 236 243 245 247 254 255 259 262 265 266 270 273 279 295 299 313 314 353 377 419 422 423 425 426 428 430 446 453 460 461 464 465 466 470 471 473 474 475 488 489 502 503 504 506 510 511 514 515 536 544 590 594 623 638 639 642 644 645 646 691 704 727 732 733 749 800 828 836 843 892 920 952 976 992 1035 1043 1078 1099 1107 1116 1152 1175 1408
888 0 6 22 49 68 88 96 97 124 129 130 131 132 133 148 149 154 159 165 169 170 171 173 176 178 182 184 187 190 191 192 197 201 202 205 207 211 212 225 231 283 310 320 336 353 381 400 419 422 424 429 430 434 435 465 470 471 474 480 487 492 505 506 511 512 514 515 518 521 579 590 591 619 641 644 650 658 662 1009
889 14 24 49 99 104 115 118 123 124 145 234 271 275 278 279 282 283 310 405 450 467 522 581 703 726 728 742 843 897 950 1155 1223
890 0 1 6 7 11 14 21 24 26 27 30 48 49 55 57 61 62 63 66 67 68 69 71 75 78 86 87 88 94 95 96 97 99 114 115 118 122 124 128 129 131 132 133 141 147 148 150 154 156 159 165 169 170 171 172 173 174 175 177 178 179 180 181 184 185 188 189 191 192 193 199 200 201 205 207 212 213 219 224 227 230 234 235 236 262 270 271 273 281 285 288 297 314 317 353 363 374 376 389 401 414 419 420 424 425 426 427 430 456 461 468 469 470 471 472 473 474 475 478 486 487 488 491 502 506 507 512 514 516 517 556 558 566 568 578 588 591 599 600 602 618 620 623 628 635 636 646 648 650 658 670 678 691 694 715 718 725 741 754 766 780 807 818 826 924 941 1089 1181 1217 1230
891 0 10 23 49 55 68 76 114 115 118 141 148 158 169 234 237 283 295 401 406 421 462 522 586
892 0 6 8 9 11 12 13 18 19 25 29 31 44 49 51 56 58 59 60 82 85 92 99 110 113 121 126 131 134 162 163 167 176 187 195 209 210 218 220 233 234 239 241 242 243 245 247 255 259 269 272 273 274 275 276 282 283 284 289 290 294 297 299 300 302 303 308 310 311 312 314 315 323 324 327 329 335 336 340 341 342 343 453 454 462 470 500 502 503 506 520 525 526 527 548 572 581 626 676 684 688 693 699 722 726 736 739 740 828 835 840 851 856 864 865 874 879 892 895 896 909 910 932 933 975 979 980 1018 1043 1049 1080 1096 1107 1114 1152 1183 1203 1206 1283 1370 1405 1410 1443
893 0 12 49 99 148 178 272 280 291 298 324
894 0 6 7 8 21 23 41 47 49 63 68 69 70 76 78 82 86 87 88 94 95 96 97 121 124 125 126 131 133 140 141 150 154 161 165 169 170 171 177 178 179 180 183 184 187 188 192 195 197 200 201 207 208 212 213 219 220 224 225 226 227 231 234 236 238 242 245 254 255 262 270 272 281 307 310 313 314 323 363 381 398 416 422 424 430 469 472 475 480 484 487 502 516 517 518 556 578 586 590 638 642 645 647 648 670 678 691 696 707 716 718 737 751 756 857 915 925 938 963 1195 1245
895 0 21 27 32 49 64 67 68 70 75 76 78 81 87 88 95 96 97 98 115 118 122 124 129 130 133 138 140 148 158 169 171 173 174 177 179 180 181 182 183 184 185 191 192 196 197 198 200 201 205 207 208 211 212 219 225 227 229 231 235 237 240 278 285 287 319 365 374 389 398 400 401 405 407 412 414 415 419 424 428 431 434 442 456 461 463 470 487 489 492 497 512 514 517 536 558 578 586 590 596 603 620 646 647 660 665 685 746 808 830 841 843 898 899 901 946 998 1003 1176 1389
896 239 267 269 285 299 306 307 310 311 312 315 320 323 354 734
897 7 27 47 49 63 65 70 72 78 82 88 94 95 97 108 114 118 132 150 151 154 158 165 169 171 173 183 187 191 192 194 197 199 200 201 206 210 211 213 215 219 227 231 234 252 254 255 262 272 279 280 288 314 353 363 419 422 423 428 454 461 462 470 474 487 489 509 518 558 590 642 647 650 680 726 728 732 734 737 1066
898 99 121 126 202 234 291 314 465 471 474 579 648
899 0 11 14 21 27 34 49 57 62 65 68 70 72 77 81 87 93 94 95 114 118 132 137 139 141 152 158 165 169 171 178 191 192 193 201 207 208 213 219 225 226 227 231 254 318 374 387 389 398 401 415 419 424 430 431 442 456 467 489 500 511 514 536 556 558 610 649 665 714 718 725 734 742 902 905 958 1005 1011 1085 1290 1419 1426 1436
900 0 7 49 86 94 141 169 173 188 247 272 297 303 314 419 470 471 474 488 506 856
901 3 11 12 22 24 29 45 46 47 49 55 58 59 60 63 78 80 86 88 90 97 99 115 124 151 153 154 172 174 176 177 178 179 180 182 183 184 185 188 189 193 195 200 207 208 211 220 231 235 237 269 273 278 279 285 290 299 313 314 320 329 353 365 401 405 406 422 434 466 470 500 506 511 512 514 520 629 636 638 642 651 679 694 695 707 749 802 979 1018 1040 1063 1066 1107 1285
902 8 65 96 108 114 152 213 234 252 271 272 275 277 285 286 297 398 417 442 668 710 722 725 733 766 769 777 797 1044 1115
903 6 99 121 126 147 297 298 299 310 317 341 462 499 581 728
904 8 9 99 114 118 121 122 126 218 234 267 270 273 280 281 282 283 284 317 404 464 535 615 663 726 730 981
905 0 4 14 18 24 41 49 70 78 82 85 87 95 96 97 99 104 108 114 115 117 118 120 122 140 141 144 148 169 170 178 179 182 195 199 217 222 232 234 242 245 255 265 268 269 271 272 274 275 278 279 280 281 283 284 285 287 288 291 298 309 310 313 314 318 322 328 329 352 362 389 398 401 405 422 453 462 463 467 474 476 487 488 497 511 543 581 585 607 615 620 671 672 675 682 683 685 696 699 710 715 725 726 728 730 734 742 748 749 750 766 795 797 801 803 810 846 897 901 907 950 986 998 1010 1017 1018 1021 1084 1119 1124 1126 1177 1178 1199 1229 1258
906 27 49 55 78 95 97 99 124 130 141 180 182 192 201 220 285 314 415 419 422 429 469 470 474 475 479 487 506 516 519 548 581 590 635 644 680 687 695 935
907 85 113 162 163 167 221 258 272 283 289 297 322 335 378 500 522 572 693 857 1086
908 0 8 11 22 49 55 97 99 114 124 171 179 180 202 207 219 234 290 297 310 353 401 410 499 670 728 826
909 6 20 25 82 86 88 92 131 139 140 148 150 151 160 165 169 170 171 173 180 182 183 187 188 190 191 200 201 205 206 213 225 269 353 377 395 415 416 419 423 426 430 434 456 465 469 470 471 473 498 521 578 590 612 625 634 642 695 835 896 941 1009 1030 1161
910 13 27 63 96 129 140 149 151 165 170 189 191 194 235 314 353 414 415 419 422 434 470 473 474 487 489 492 508 514 589 597 642 646 1011
911 3 6 8 10 11 18 21 49 55 56 57 63 78 82 88 91 94 95 97 98 124 128 140 141 148 165 166 169 170 171 172 173 180 182 188 192 197 199 200 201 213 225 231 234 262 266 286 299 313 314 353 404 415 422 452 465 466 469 509 518 590 600 642 644 727 736 772 892 935
912 152 194 367 630 763 766 1305
913 265 283 299 310 311 341 677 736
914 0 3 6 8 10 11 13 16 21 22 27 29 38 41 45 47 49 51 52 55 57 59 63 68 69 80 81 82 85 87 88 90 91 96 97 99 108 131 132 134 147 151 153 154 161 165 167 168 169 170 171 172 173 177 178 180 189 190 191 193 195 200 207 208 209 210 213 214 218 220 231 233 235 238 241 243 247 262 265 273 283 313 314 378 383 417 420 422 423 452 453 465 466 471 474 475 500 502 503 518 521 522 528 547 558 571 572 573 583 618 627 637 639 683 694 701 707 713 721 753 788 892 916 931 932 943 975 979 980 981 1040 1043 1063 1066 1078 1152 1263
915 8 24 99 147 234 243 245 265 273 279 282 284 286 462 467 526 682 726 742
916 15 24 27 44 63 82 85 88 129 134 162 163 167 187 210 272 377 378 423 478 489 490 498 572 593 618 625 632 643 646 647 651 690 693 695 835 836 894 896 934 937 943 944 1035 1064 1066 1102 1130 1153 1158 1214 1434
917 0 4 8 10 13 14 15 18 21 24 27 56 57 63 69 81 92 94 97 98 99 108 114 115 122 123 126 137 141 144 148 171 178 188 197 198 201 214 215 218 220 233 234 252 254 255 256 257 267 268 269 272 273 274 279 280 282 283 284 285 290 294 297 299 300 301 304 310 314 319 321 323 327 328 329 330 336 339 363 378 414 415 419 427 438 468 499 518 548 572 647 663 701 728 777 795 872 910 919 982 984 1043 1053 1066 1102 1115 1155 1222 1223
918 255 299 307 310 329 336 342 346 1421
919 14 49 65 68 70 71 78 95 108 118 130 133 140 169 170 171 178 193 199 207 212 219 249 256 271 281 291 310 319 324 363 376 388 396 415 529 646 649 664 678 706 741 797 826 986 998 1002
920 0 10 14 21 49 50 67 70 71 76 82 88 90 97 98 140 148 150 169 170 171 178 199 219 224 225 226 227 234 255 262 287 291 376 378 380 391 402 414 417 422 426 427 428 440 441 442 446 566 578 585 732 792 892 922 1075
921 2 8 49 99 102 114 118 122 126 145 148 171 178 219 234 245 246 254 270 273 278 279 285 288 290 291 292 304 318 321 329 330 334 336 401 407 446 447 451 463 466 535 536 581 615 671 699 727 728 748 749 797 805 807 811 812 843 899 901 947 981 982 987 998 1222
922 0 5 6 8 11 27 49 63 70 81 95 99 118 131 150 169 170 171 175 192 193 197 199 202 213 225 234 272 280 282 310 314 417 422 424 428 462 473 487 495 502 510 514 518 619 687 691 873 896 1299 1352
923 97 182 215 285 319 320 321 328 438 668
924 266 269 283 299 311 336
925 0 7 10 14 27 28 37 40 55 62 63 66 68 70 71 90 94 95 108 115 118 122 135 152 165 192 201 207 219 225 227 234 252 254 285 291 297 324 363 370 376 381 389 398 399 400 401 405 407 413 416 417 418 421 440 462 492 532 542 558 578 741 742 749 754 802 808 843 901 986 1005 1017 1056 1059 1229 1310
926 7 8 47 97 111 124 131 132 162 165 169 170 184 188 263 265 266 273 354 478 487 735 853 854 855 977 995
927 11 21 27 49 88 97 99 124 131 132 169 179 182 184 185 192 201 202 314 415 419 424 465 470 474 506 508 512 579
928 13 44 63 103 110 113 118 123 162 187 235 241 254 266 271 272 278 279 280 297 526
929 13 99 113 122 123 124 178 242 252 254 269 272 280 283 290 294 295 297 299 300 301 303 309 310 312 329 340 343 450 499 506 671 676 730 736 876 884 1115
930 0 6 8 13 29 44 46 53 55 69 85 88 95 97 98 99 111 116 128 130 131 132 133 138 150 151 154 159 160 162 164 165 166 167 169 171 172 173 174 175 176 177 180 182 186 188 191 192 193 194 195 196 200 201 202 205 206 207 208 209 219 225 226 227 271 282 376 395 401 410 422 423 424 425 427 429 430 434 450 453 465 466 469 470 471 472 473 474 475 477 479 480 481 482 484 485 486 487 488 489 493 494 495 497 498 501 502 504 505 506 507 508 510 511 512 514 515 516 517 518 519 520 521 556 560 579 590 593 594 598 599 600 601 602 603 604 619 626 633 634 635 636 637 641 644 646 648 650 662 663 691 694 695 731 763 787 793 817 835 840 939 940 990 991 1005 1020 1035 1081 1086 1091 1113 1162 1163 1214 1296 1308 1331 1333 1335 1336 1376 1404 1406
931 6 10 11 21 27 49 55 63 68 72 86 88 97 99 122 124 132 141 148 153 154 171 172 174 176 177 179 180 184 190 191 192 193 197 208 225 262 313 314 353 363 430 461 465 474 514 641 732 772
932 1 3 12 24 49 55 64 65 66 68 69 81 82 87 88 93 95 96 99 128 129 131 132 141 149 158 160 165 167 169 171 172 178 187 188 190 192 193 194 196 199 201 205 207 208 209 210 220 223 225 226 234 236 251 254 283 294 299 300 311 312 380 399 401 410 415 416 422 423 427 430 440 442 452 453 465 472 479 483 486 492 493 497 498 501 505 520 540 544 574 592 604 611 616 617 637 647 648 650 651 661 662 689 691 698 718 741 777 787 793 835 878 933 935 937 988 1161 1308 1331
933 14 114 115 118 122 124 145 178 234 252 271 278 279 280 281 283 297 310 401 462 467 536 586 671 703 728 797 841 897 907 986
934 0 2 5 6 8 12 13 15 18 19 23 24 49 92 99 105 108 113 114 118 121 122 124 126 134 178 218 233 234 241 243 245 246 247 248 250 265 266 269 272 273 278 282 283 284 286 295 310 315 320 321 323 336 342 354 466 467 537 581 727 742 795 800 807 826 841 880 892 899 900 925 977 978 979 981 1038 1062 1080 1094 1122 1124 1130 1157 1160 1196 1256 1263 1266 1276 1278 1280 1282
935 8 13 49 92 113 121 123 221 233 234 255 272 280 282 283 290 294 297 300 301 404 506 828 977
936 0 6 24 49 99 103 108 115 118 123 124 148 178 217 219 240 249 254 255 257 270 272 285 288 295 310 329 339 354 366 449 463 467 499 585 748 749 805 841 843 901 963 982 984 998 1031
937 8 14 115 118 124 217 219 234 252 254 255 271 272 277 280 282 295 322 401 405 407 462 467 499 536 581 586 675 703 728 742 822 963 993 998 1024 1148 1222
938 6 7 11 49 55 65 81 88 94 95 97 144 167 169 170 171 173 188 191 201 206 210 213 235 255 256 266 269 282 291 297 299 310 311 313 317 350 353 416 422 425 431 462 473 499 507 512 615 638 642 644 664 678 695 835 1126
939 6 14 114 121 144 178 254 255 291 295 297 404 446 466 892 963 977
940 30 49 70 78 94 96 98 114 121 128 169 171 190 194 197 207 212 213 231 255 256 258 262 269 279 297 300 301 307 311 312 314 343 353 410 419 422 430 469 470 471 475 478 487 489 491 502 505 511 519 574 591 594 646 648 691 736 855 856 918 941 998 1020 1162 1178
941 1 10 11 21 22 23 26 27 30 40 41 49 53 54 55 57 63 66 67 68 75 78 91 93 95 97 99 108 114 124 148 158 169 170 171 178 179 181 183 184 185 190 191 192 193 197 198 202 207 212 213 215 216 223 229 230 234 236 278 279 352 363 381 399 401 421 422 426 461 462 466 476 499 517 532 536 549 556 566 571 601 642 659 671 703 707 718 725 749 790 798 806 901 916 1044
